image,class
90715.jpg,0
159631.jpg,0
4294.jpg,0
56548.jpg,0
120979.jpg,0
139460.jpg,0
78510.jpg,0
102841.jpg,0
84208.jpg,0
9591.jpg,0
117254.jpg,0
152598.jpg,0
149049.jpg,0
146084.jpg,0
37310.jpg,0
152812.jpg,0
71417.jpg,0
63562.jpg,0
20690.jpg,0
106297.jpg,0
85794.jpg,0
14572.jpg,0
79727.jpg,0
68132.jpg,0
156128.jpg,0
282.jpg,0
111105.jpg,0
117665.jpg,0
51984.jpg,0
154920.jpg,0
90887.jpg,0
132312.jpg,0
156893.jpg,0
18343.jpg,0
145649.jpg,0
38861.jpg,0
153763.jpg,0
75643.jpg,0
117153.jpg,0
108660.jpg,0
17283.jpg,0
37162.jpg,0
13476.jpg,0
128366.jpg,0
47241.jpg,0
121888.jpg,0
126847.jpg,0
134732.jpg,0
56613.jpg,0
144812.jpg,0
41168.jpg,0
59579.jpg,0
9842.jpg,0
66588.jpg,0
1608.jpg,0
133521.jpg,0
159321.jpg,0
158500.jpg,0
83018.jpg,0
64907.jpg,0
101161.jpg,0
142181.jpg,0
72263.jpg,0
39234.jpg,0
28055.jpg,0
133806.jpg,0
122043.jpg,0
36146.jpg,0
63154.jpg,0
159889.jpg,0
7230.jpg,0
929.jpg,0
142100.jpg,0
13993.jpg,0
98841.jpg,0
28183.jpg,0
73432.jpg,0
155188.jpg,0
126181.jpg,0
43372.jpg,0
60138.jpg,0
65297.jpg,0
39336.jpg,0
138032.jpg,0
133594.jpg,0
147838.jpg,0
34671.jpg,0
39585.jpg,0
122041.jpg,0
92266.jpg,0
41245.jpg,0
24292.jpg,0
95377.jpg,0
124546.jpg,0
149560.jpg,0
34907.jpg,0
91375.jpg,0
93815.jpg,0
150028.jpg,0
85387.jpg,0
138512.jpg,0
131189.jpg,0
97626.jpg,0
28261.jpg,0
57055.jpg,0
15574.jpg,0
90476.jpg,0
34655.jpg,0
52674.jpg,0
83360.jpg,0
18574.jpg,0
116879.jpg,0
65090.jpg,0
26662.jpg,0
113542.jpg,0
94318.jpg,0
26765.jpg,0
16683.jpg,0
86.jpg,0
74242.jpg,0
80817.jpg,0
145186.jpg,0
159487.jpg,0
88942.jpg,0
135090.jpg,0
150024.jpg,0
82299.jpg,0
111700.jpg,0
43811.jpg,0
78136.jpg,0
134190.jpg,0
25046.jpg,0
8351.jpg,0
71986.jpg,0
22527.jpg,0
71869.jpg,0
110489.jpg,0
129397.jpg,0
43870.jpg,0
20772.jpg,0
109918.jpg,0
102625.jpg,0
61399.jpg,0
65620.jpg,0
58475.jpg,0
107714.jpg,0
125495.jpg,0
118483.jpg,0
70149.jpg,0
42586.jpg,0
32809.jpg,0
21298.jpg,0
56051.jpg,0
85578.jpg,0
56522.jpg,0
135641.jpg,0
39125.jpg,0
121877.jpg,0
44682.jpg,0
94590.jpg,0
130409.jpg,0
160332.jpg,0
101624.jpg,0
54389.jpg,0
73097.jpg,0
29253.jpg,0
18677.jpg,0
12407.jpg,0
122309.jpg,0
119005.jpg,0
33027.jpg,0
135341.jpg,0
33278.jpg,0
76530.jpg,0
66014.jpg,0
146452.jpg,0
36985.jpg,0
52296.jpg,0
95941.jpg,0
93005.jpg,0
12018.jpg,0
91965.jpg,0
157274.jpg,0
87501.jpg,0
135078.jpg,0
5891.jpg,0
64783.jpg,0
63967.jpg,0
109103.jpg,0
85004.jpg,0
45284.jpg,0
148058.jpg,0
8099.jpg,0
122128.jpg,0
114904.jpg,0
17457.jpg,0
130636.jpg,0
147060.jpg,0
82755.jpg,0
25996.jpg,0
110137.jpg,0
116249.jpg,0
33455.jpg,0
127662.jpg,0
45715.jpg,0
12650.jpg,0
95713.jpg,0
67848.jpg,0
61110.jpg,0
74225.jpg,0
39388.jpg,0
34447.jpg,0
140728.jpg,0
51115.jpg,0
107006.jpg,0
146127.jpg,0
68341.jpg,0
31447.jpg,0
16014.jpg,0
86766.jpg,0
76758.jpg,0
17718.jpg,0
92788.jpg,0
120687.jpg,0
86395.jpg,0
107768.jpg,0
142369.jpg,0
67748.jpg,0
1626.jpg,0
131690.jpg,0
35614.jpg,0
32699.jpg,0
50200.jpg,0
2878.jpg,0
22105.jpg,0
75088.jpg,0
98675.jpg,0
14551.jpg,0
51177.jpg,0
145819.jpg,0
104629.jpg,0
135837.jpg,0
98222.jpg,0
101420.jpg,0
45678.jpg,0
37546.jpg,0
119877.jpg,0
57403.jpg,0
3042.jpg,0
82312.jpg,0
108689.jpg,0
85341.jpg,0
151134.jpg,0
129510.jpg,0
69403.jpg,0
15186.jpg,0
156763.jpg,0
33810.jpg,0
139814.jpg,0
77716.jpg,0
53073.jpg,0
25102.jpg,0
11648.jpg,0
96571.jpg,0
254.jpg,0
93390.jpg,0
106144.jpg,0
10028.jpg,0
16122.jpg,0
138303.jpg,0
1225.jpg,0
106396.jpg,0
104824.jpg,0
67982.jpg,0
7025.jpg,0
65860.jpg,0
74430.jpg,0
107849.jpg,0
99811.jpg,0
79523.jpg,0
66197.jpg,0
39222.jpg,0
103429.jpg,0
74257.jpg,0
132294.jpg,0
47826.jpg,0
138812.jpg,0
24522.jpg,0
158045.jpg,0
38217.jpg,0
160221.jpg,0
50113.jpg,0
41497.jpg,0
102248.jpg,0
118251.jpg,0
5207.jpg,0
100983.jpg,0
64904.jpg,0
76183.jpg,0
147769.jpg,0
113121.jpg,0
158507.jpg,0
95836.jpg,0
3338.jpg,0
148408.jpg,0
9455.jpg,0
81951.jpg,0
84196.jpg,0
20388.jpg,0
6985.jpg,0
27240.jpg,0
75045.jpg,0
26285.jpg,0
156914.jpg,0
130743.jpg,0
139665.jpg,0
114987.jpg,0
129532.jpg,0
68572.jpg,0
160017.jpg,0
153168.jpg,0
92177.jpg,0
46769.jpg,0
141545.jpg,0
12958.jpg,0
63964.jpg,0
118674.jpg,0
96425.jpg,0
137119.jpg,0
100480.jpg,0
47252.jpg,0
35186.jpg,0
81249.jpg,0
121026.jpg,0
26215.jpg,0
41264.jpg,0
85462.jpg,0
52318.jpg,0
151264.jpg,0
136884.jpg,0
122765.jpg,0
47873.jpg,0
56797.jpg,0
85181.jpg,0
35277.jpg,0
49184.jpg,0
155543.jpg,0
145641.jpg,0
140683.jpg,0
80751.jpg,0
52312.jpg,0
31199.jpg,0
38336.jpg,0
23573.jpg,0
148779.jpg,0
100657.jpg,0
83396.jpg,0
149023.jpg,0
33909.jpg,0
14038.jpg,0
40689.jpg,0
22592.jpg,0
69310.jpg,0
143218.jpg,0
43421.jpg,0
80317.jpg,0
101708.jpg,0
153372.jpg,0
128115.jpg,0
97934.jpg,0
159036.jpg,0
6311.jpg,0
147527.jpg,0
20411.jpg,0
143427.jpg,0
117360.jpg,0
129349.jpg,0
2239.jpg,0
68469.jpg,0
160706.jpg,0
71342.jpg,0
110401.jpg,0
24742.jpg,0
151359.jpg,0
116005.jpg,0
137206.jpg,0
22364.jpg,0
3388.jpg,0
119438.jpg,0
34780.jpg,0
121051.jpg,0
44328.jpg,0
46973.jpg,0
96587.jpg,0
63288.jpg,0
82515.jpg,0
80020.jpg,0
28353.jpg,0
108136.jpg,0
107440.jpg,0
72814.jpg,0
66625.jpg,0
141527.jpg,0
14611.jpg,0
127760.jpg,0
150248.jpg,0
17994.jpg,0
103397.jpg,0
84738.jpg,0
51713.jpg,0
151300.jpg,0
126812.jpg,0
103610.jpg,0
29552.jpg,0
112578.jpg,0
63378.jpg,0
17181.jpg,0
140132.jpg,0
137002.jpg,0
108735.jpg,0
96777.jpg,0
125610.jpg,0
59743.jpg,0
144821.jpg,0
89743.jpg,0
37703.jpg,0
101361.jpg,0
4786.jpg,0
83424.jpg,0
106008.jpg,0
125482.jpg,0
65923.jpg,0
151202.jpg,0
68706.jpg,0
160117.jpg,0
89319.jpg,0
20728.jpg,0
64451.jpg,0
53527.jpg,0
116058.jpg,0
47614.jpg,0
82497.jpg,0
53130.jpg,0
72681.jpg,0
151346.jpg,0
138613.jpg,0
23858.jpg,0
29685.jpg,0
116848.jpg,0
5664.jpg,0
159797.jpg,0
36951.jpg,0
24902.jpg,0
480.jpg,0
160384.jpg,0
72180.jpg,0
138727.jpg,0
23456.jpg,0
54552.jpg,0
50310.jpg,0
65130.jpg,0
93030.jpg,0
30699.jpg,0
101887.jpg,0
92599.jpg,0
43321.jpg,0
137416.jpg,0
92480.jpg,0
83374.jpg,0
33624.jpg,0
157343.jpg,0
38424.jpg,0
119488.jpg,0
78217.jpg,0
64108.jpg,0
73084.jpg,0
153166.jpg,0
83950.jpg,0
48511.jpg,0
74374.jpg,0
30057.jpg,0
610.jpg,0
16336.jpg,0
39670.jpg,0
5160.jpg,0
16692.jpg,0
49548.jpg,0
5819.jpg,0
53317.jpg,0
67714.jpg,0
106768.jpg,0
189.jpg,0
64057.jpg,0
72468.jpg,0
158284.jpg,0
67062.jpg,0
37124.jpg,0
46815.jpg,0
81911.jpg,0
69385.jpg,0
90980.jpg,0
38302.jpg,0
35910.jpg,0
141766.jpg,0
110726.jpg,0
39570.jpg,0
156749.jpg,0
143854.jpg,0
96002.jpg,0
120683.jpg,0
55507.jpg,0
61408.jpg,0
38136.jpg,0
45934.jpg,0
57306.jpg,0
106799.jpg,0
109985.jpg,0
22844.jpg,0
61768.jpg,0
158303.jpg,0
116577.jpg,0
42307.jpg,0
97775.jpg,0
58852.jpg,0
129597.jpg,0
90935.jpg,0
100725.jpg,0
35763.jpg,0
3880.jpg,0
83934.jpg,0
67251.jpg,0
3516.jpg,0
137145.jpg,0
143252.jpg,0
49939.jpg,0
37063.jpg,0
38965.jpg,0
140977.jpg,0
93320.jpg,0
146122.jpg,0
120960.jpg,0
62176.jpg,0
109325.jpg,0
10819.jpg,0
56348.jpg,0
137291.jpg,0
10858.jpg,0
134818.jpg,0
146565.jpg,0
9806.jpg,0
110224.jpg,0
31909.jpg,0
148422.jpg,0
40252.jpg,0
147697.jpg,0
127314.jpg,0
91502.jpg,0
5156.jpg,0
141068.jpg,0
122304.jpg,0
122530.jpg,0
4190.jpg,0
8488.jpg,0
53154.jpg,0
31124.jpg,0
60552.jpg,0
83946.jpg,0
101082.jpg,0
62630.jpg,0
115108.jpg,0
107555.jpg,0
84169.jpg,0
57350.jpg,0
51045.jpg,0
155897.jpg,0
101115.jpg,0
13214.jpg,0
135487.jpg,0
36467.jpg,0
64612.jpg,0
136197.jpg,0
122125.jpg,0
152121.jpg,0
93981.jpg,0
98975.jpg,0
18513.jpg,0
126880.jpg,0
12492.jpg,0
156180.jpg,0
5499.jpg,0
53808.jpg,0
72606.jpg,0
37613.jpg,0
116404.jpg,0
147503.jpg,0
76798.jpg,0
14697.jpg,0
124017.jpg,0
103575.jpg,0
41275.jpg,0
18465.jpg,0
113799.jpg,0
58617.jpg,0
94089.jpg,0
435.jpg,0
102536.jpg,0
81634.jpg,0
27180.jpg,0
112863.jpg,0
76160.jpg,0
25615.jpg,0
106938.jpg,0
4915.jpg,0
46832.jpg,0
110559.jpg,0
30479.jpg,0
111837.jpg,0
151797.jpg,0
7268.jpg,0
131610.jpg,0
84211.jpg,0
128910.jpg,0
3240.jpg,0
39962.jpg,0
12536.jpg,0
9913.jpg,0
119960.jpg,0
15196.jpg,0
16946.jpg,0
52041.jpg,0
103077.jpg,0
108688.jpg,0
22200.jpg,0
4803.jpg,0
38883.jpg,0
103249.jpg,0
85154.jpg,0
41186.jpg,0
27135.jpg,0
41703.jpg,0
47235.jpg,0
91683.jpg,0
111083.jpg,0
80866.jpg,0
129947.jpg,0
16587.jpg,0
52035.jpg,0
63766.jpg,0
61180.jpg,0
1496.jpg,0
95079.jpg,0
73784.jpg,0
140032.jpg,0
112895.jpg,0
152378.jpg,0
155338.jpg,0
41874.jpg,0
144157.jpg,0
6712.jpg,0
153881.jpg,0
33858.jpg,0
152162.jpg,0
156895.jpg,0
67127.jpg,0
14852.jpg,0
74118.jpg,0
92844.jpg,0
43041.jpg,0
42734.jpg,0
126201.jpg,0
20121.jpg,0
104266.jpg,0
120097.jpg,0
69381.jpg,0
13971.jpg,0
20942.jpg,0
41744.jpg,0
63737.jpg,0
87494.jpg,0
18683.jpg,0
114913.jpg,0
149918.jpg,0
85177.jpg,0
146409.jpg,0
149857.jpg,0
60674.jpg,0
74663.jpg,0
46620.jpg,0
89028.jpg,0
10280.jpg,0
34118.jpg,0
84161.jpg,0
153538.jpg,0
129415.jpg,0
97192.jpg,0
103437.jpg,0
99408.jpg,0
67378.jpg,0
140634.jpg,0
140592.jpg,0
31020.jpg,0
16253.jpg,0
77045.jpg,0
144055.jpg,0
102654.jpg,0
118110.jpg,0
153890.jpg,0
82137.jpg,0
20205.jpg,0
74615.jpg,0
36105.jpg,0
33951.jpg,0
45190.jpg,0
23681.jpg,0
130157.jpg,0
67859.jpg,0
67381.jpg,0
41987.jpg,0
112685.jpg,0
21931.jpg,0
5189.jpg,0
125797.jpg,0
76382.jpg,0
72300.jpg,0
20063.jpg,0
59813.jpg,0
2656.jpg,0
64410.jpg,0
29513.jpg,0
55743.jpg,0
124961.jpg,0
132466.jpg,0
65471.jpg,0
133867.jpg,0
9730.jpg,0
73294.jpg,0
111581.jpg,0
7456.jpg,0
115729.jpg,0
80896.jpg,0
154320.jpg,0
149381.jpg,0
77558.jpg,0
83590.jpg,0
111989.jpg,0
138297.jpg,0
542.jpg,0
154905.jpg,0
59578.jpg,0
131641.jpg,0
3673.jpg,0
86471.jpg,0
103046.jpg,0
103225.jpg,0
39169.jpg,0
127276.jpg,0
49277.jpg,0
69255.jpg,0
8856.jpg,0
111196.jpg,0
54882.jpg,0
69287.jpg,0
104194.jpg,0
64067.jpg,0
97628.jpg,0
135657.jpg,0
44863.jpg,0
99335.jpg,0
91793.jpg,0
132108.jpg,0
51402.jpg,0
94500.jpg,0
113837.jpg,0
57368.jpg,0
147217.jpg,0
34382.jpg,0
32167.jpg,0
88001.jpg,0
99971.jpg,0
80175.jpg,0
97990.jpg,0
17437.jpg,0
111116.jpg,0
115587.jpg,0
35852.jpg,0
160654.jpg,0
160266.jpg,0
116875.jpg,0
67607.jpg,0
12408.jpg,0
8482.jpg,0
75619.jpg,0
129823.jpg,0
37721.jpg,0
44856.jpg,0
101326.jpg,0
41256.jpg,0
38083.jpg,0
47019.jpg,0
60874.jpg,0
107739.jpg,0
159156.jpg,0
69344.jpg,0
55592.jpg,0
121369.jpg,0
3465.jpg,0
14042.jpg,0
9459.jpg,0
124902.jpg,0
3877.jpg,0
118349.jpg,0
127629.jpg,0
118330.jpg,0
118060.jpg,0
50198.jpg,0
92601.jpg,0
76683.jpg,0
78523.jpg,0
140329.jpg,0
77117.jpg,0
112901.jpg,0
111764.jpg,0
135330.jpg,0
108109.jpg,0
139668.jpg,0
85643.jpg,0
73523.jpg,0
106051.jpg,0
141274.jpg,0
113405.jpg,0
114582.jpg,0
20766.jpg,0
57177.jpg,0
8742.jpg,0
122185.jpg,0
72201.jpg,0
29781.jpg,0
117340.jpg,0
58750.jpg,0
57487.jpg,0
115106.jpg,0
76707.jpg,0
75214.jpg,0
93921.jpg,0
94099.jpg,0
99481.jpg,0
63312.jpg,0
147522.jpg,0
62388.jpg,0
119296.jpg,0
86240.jpg,0
104470.jpg,0
158539.jpg,0
45470.jpg,0
115279.jpg,0
135189.jpg,0
9264.jpg,0
22798.jpg,0
91008.jpg,0
109793.jpg,0
87912.jpg,0
36595.jpg,0
54072.jpg,0
39260.jpg,0
11510.jpg,0
44459.jpg,0
2114.jpg,0
7765.jpg,0
25317.jpg,0
32349.jpg,0
140813.jpg,0
30641.jpg,0
135758.jpg,0
46577.jpg,0
132714.jpg,0
77033.jpg,0
86990.jpg,0
30941.jpg,0
60837.jpg,0
14963.jpg,0
61319.jpg,0
76923.jpg,0
18865.jpg,0
13446.jpg,0
57000.jpg,0
124035.jpg,0
59750.jpg,0
59102.jpg,0
116164.jpg,0
79973.jpg,0
3380.jpg,0
117468.jpg,0
145816.jpg,0
83315.jpg,0
67845.jpg,0
118085.jpg,0
66834.jpg,0
86307.jpg,0
92633.jpg,0
148580.jpg,0
77184.jpg,0
7577.jpg,0
17041.jpg,0
24313.jpg,0
65670.jpg,0
109561.jpg,0
664.jpg,0
4900.jpg,0
144867.jpg,0
115922.jpg,0
40159.jpg,0
78586.jpg,0
30277.jpg,0
97723.jpg,0
31019.jpg,0
20759.jpg,0
116111.jpg,0
55325.jpg,0
84809.jpg,0
10466.jpg,0
118536.jpg,0
71719.jpg,0
147757.jpg,0
92418.jpg,0
70842.jpg,0
9838.jpg,0
63897.jpg,0
35736.jpg,0
159740.jpg,0
101688.jpg,0
46265.jpg,0
77413.jpg,0
89666.jpg,0
113780.jpg,0
45905.jpg,0
148601.jpg,0
94720.jpg,0
84589.jpg,0
29228.jpg,0
98597.jpg,0
77808.jpg,0
131792.jpg,0
17470.jpg,0
51170.jpg,0
148311.jpg,0
1863.jpg,0
60003.jpg,0
133142.jpg,0
101932.jpg,0
10220.jpg,0
137743.jpg,0
123122.jpg,0
70179.jpg,0
860.jpg,0
98084.jpg,0
95557.jpg,0
54577.jpg,0
1364.jpg,0
67901.jpg,0
17759.jpg,0
124396.jpg,0
60358.jpg,0
100522.jpg,0
151804.jpg,0
27408.jpg,0
151816.jpg,0
143274.jpg,0
104865.jpg,0
133554.jpg,0
35749.jpg,0
87346.jpg,0
153934.jpg,0
6033.jpg,0
84979.jpg,0
155791.jpg,0
28766.jpg,0
149301.jpg,0
22036.jpg,0
39980.jpg,0
122619.jpg,0
157809.jpg,0
80506.jpg,0
151590.jpg,0
139761.jpg,0
14249.jpg,0
101310.jpg,0
19540.jpg,0
130107.jpg,0
122298.jpg,0
125528.jpg,0
14468.jpg,0
64348.jpg,0
146285.jpg,0
55084.jpg,0
112263.jpg,0
50524.jpg,0
65800.jpg,0
68228.jpg,0
21568.jpg,0
37218.jpg,0
100667.jpg,0
53544.jpg,0
124020.jpg,0
144714.jpg,0
119196.jpg,0
148411.jpg,0
35605.jpg,0
149822.jpg,0
140844.jpg,0
26995.jpg,0
94444.jpg,0
47963.jpg,0
20438.jpg,0
87789.jpg,0
157350.jpg,0
140187.jpg,0
18813.jpg,0
57303.jpg,0
77972.jpg,0
56721.jpg,0
152198.jpg,0
78165.jpg,0
95833.jpg,0
105467.jpg,0
14662.jpg,0
44611.jpg,0
31312.jpg,0
69444.jpg,0
144196.jpg,0
106517.jpg,0
121102.jpg,0
44297.jpg,0
13119.jpg,0
8520.jpg,0
67548.jpg,0
6259.jpg,0
5965.jpg,0
9788.jpg,0
123250.jpg,0
85409.jpg,0
22801.jpg,0
76250.jpg,0
144421.jpg,0
146198.jpg,0
44962.jpg,0
140578.jpg,0
28271.jpg,0
1620.jpg,0
28799.jpg,0
84688.jpg,0
131440.jpg,0
101065.jpg,0
148608.jpg,0
51911.jpg,0
111964.jpg,0
139500.jpg,0
105568.jpg,0
84668.jpg,0
105282.jpg,0
33221.jpg,0
54488.jpg,0
122640.jpg,0
87635.jpg,0
119873.jpg,0
76303.jpg,0
119258.jpg,0
65465.jpg,0
64332.jpg,0
92065.jpg,0
72813.jpg,0
60097.jpg,0
87935.jpg,0
121000.jpg,0
43817.jpg,0
106853.jpg,0
26524.jpg,0
15922.jpg,0
70408.jpg,0
1492.jpg,0
133343.jpg,0
100525.jpg,0
23012.jpg,0
41154.jpg,0
118215.jpg,0
66163.jpg,0
96437.jpg,0
26933.jpg,0
105048.jpg,0
9448.jpg,0
70104.jpg,0
151252.jpg,0
158644.jpg,0
43301.jpg,0
60233.jpg,0
131405.jpg,0
129457.jpg,0
32790.jpg,0
103298.jpg,0
5688.jpg,0
151195.jpg,0
126447.jpg,0
6914.jpg,0
68160.jpg,0
135762.jpg,0
91531.jpg,0
64755.jpg,0
157161.jpg,0
40348.jpg,0
29695.jpg,0
147810.jpg,0
160366.jpg,0
60484.jpg,0
37941.jpg,0
44661.jpg,0
43430.jpg,0
23568.jpg,0
50144.jpg,0
88299.jpg,0
14078.jpg,0
36547.jpg,0
134748.jpg,0
137802.jpg,0
151912.jpg,0
36193.jpg,0
128590.jpg,0
89565.jpg,0
95563.jpg,0
126747.jpg,0
81122.jpg,0
113561.jpg,0
88423.jpg,0
127088.jpg,0
67775.jpg,0
54452.jpg,0
60948.jpg,0
64210.jpg,0
5733.jpg,0
75684.jpg,0
25879.jpg,0
8549.jpg,0
38811.jpg,0
43516.jpg,0
63667.jpg,0
111980.jpg,0
104763.jpg,0
118003.jpg,0
16118.jpg,0
136517.jpg,0
153108.jpg,0
51814.jpg,0
125226.jpg,0
128142.jpg,0
60916.jpg,0
93461.jpg,0
159005.jpg,0
38218.jpg,0
113505.jpg,0
151790.jpg,0
77498.jpg,0
21145.jpg,0
31929.jpg,0
149707.jpg,0
139959.jpg,0
48359.jpg,0
146422.jpg,0
9117.jpg,0
86652.jpg,0
153366.jpg,0
121655.jpg,0
66590.jpg,0
49306.jpg,0
139078.jpg,0
9550.jpg,0
149526.jpg,0
36276.jpg,0
150110.jpg,0
72661.jpg,0
14452.jpg,0
90611.jpg,0
40849.jpg,0
43609.jpg,0
43896.jpg,0
76294.jpg,0
157571.jpg,0
13219.jpg,0
91297.jpg,0
46044.jpg,0
90685.jpg,0
155246.jpg,0
131816.jpg,0
151417.jpg,0
25896.jpg,0
88407.jpg,0
33703.jpg,0
82390.jpg,0
26660.jpg,0
135163.jpg,0
30412.jpg,0
110966.jpg,0
120970.jpg,0
72319.jpg,0
27510.jpg,0
5791.jpg,0
117835.jpg,0
81436.jpg,0
123606.jpg,0
151238.jpg,0
139098.jpg,0
32535.jpg,0
54647.jpg,0
105875.jpg,0
72020.jpg,0
156330.jpg,0
100666.jpg,0
34501.jpg,0
42462.jpg,0
108665.jpg,0
120620.jpg,0
34439.jpg,0
2772.jpg,0
68462.jpg,0
157396.jpg,0
119875.jpg,0
720.jpg,0
9611.jpg,0
114392.jpg,0
55163.jpg,0
84085.jpg,0
123142.jpg,0
48796.jpg,0
154131.jpg,0
122583.jpg,0
126600.jpg,0
158877.jpg,0
102790.jpg,0
22584.jpg,0
42437.jpg,0
116051.jpg,0
149300.jpg,0
49237.jpg,0
117659.jpg,0
20427.jpg,0
133154.jpg,0
7167.jpg,0
101575.jpg,0
50423.jpg,0
16914.jpg,0
121971.jpg,0
103926.jpg,0
50523.jpg,0
30325.jpg,0
140732.jpg,0
102545.jpg,0
118691.jpg,0
41397.jpg,0
91232.jpg,0
101086.jpg,0
128732.jpg,0
151084.jpg,0
114.jpg,0
108631.jpg,0
61519.jpg,0
53223.jpg,0
89258.jpg,0
11231.jpg,0
67598.jpg,0
74107.jpg,0
133178.jpg,0
97257.jpg,0
113392.jpg,0
34448.jpg,0
129298.jpg,0
19983.jpg,0
114679.jpg,0
119862.jpg,0
131397.jpg,0
14567.jpg,0
64092.jpg,0
71015.jpg,0
15974.jpg,0
126970.jpg,0
54254.jpg,0
32864.jpg,0
58960.jpg,0
82336.jpg,0
34716.jpg,0
57179.jpg,0
131074.jpg,0
157707.jpg,0
9932.jpg,0
102959.jpg,0
127614.jpg,0
77963.jpg,0
110539.jpg,0
16521.jpg,0
41770.jpg,0
8605.jpg,0
73838.jpg,0
107455.jpg,0
23100.jpg,0
78167.jpg,0
59037.jpg,0
54044.jpg,0
95185.jpg,0
1727.jpg,0
67948.jpg,0
149507.jpg,0
151118.jpg,0
37713.jpg,0
65593.jpg,0
158862.jpg,0
119730.jpg,0
102950.jpg,0
97653.jpg,0
84134.jpg,0
64130.jpg,0
38633.jpg,0
39112.jpg,0
143298.jpg,0
66560.jpg,0
40216.jpg,0
130614.jpg,0
77944.jpg,0
146487.jpg,0
59500.jpg,0
149841.jpg,0
95954.jpg,0
155285.jpg,0
130348.jpg,0
7750.jpg,0
101151.jpg,0
20724.jpg,0
119861.jpg,0
75635.jpg,0
12412.jpg,0
111621.jpg,0
76233.jpg,0
72475.jpg,0
136159.jpg,0
139289.jpg,0
101612.jpg,0
33182.jpg,0
35809.jpg,0
16278.jpg,0
90609.jpg,0
53216.jpg,0
134968.jpg,0
2895.jpg,0
148593.jpg,0
76034.jpg,0
137024.jpg,0
69793.jpg,0
148620.jpg,0
118798.jpg,0
45818.jpg,0
23903.jpg,0
147891.jpg,0
132307.jpg,0
77026.jpg,0
58818.jpg,0
72008.jpg,0
131197.jpg,0
81261.jpg,0
66810.jpg,0
96771.jpg,0
93948.jpg,0
38248.jpg,0
66201.jpg,0
6048.jpg,0
154593.jpg,0
158513.jpg,0
84860.jpg,0
58014.jpg,0
46646.jpg,0
69585.jpg,0
97599.jpg,0
137243.jpg,0
132805.jpg,0
69182.jpg,0
43861.jpg,0
78147.jpg,0
11835.jpg,0
25336.jpg,0
136133.jpg,0
125682.jpg,0
121516.jpg,0
20713.jpg,0
47838.jpg,0
21451.jpg,0
65055.jpg,0
149951.jpg,0
111197.jpg,0
17341.jpg,0
131286.jpg,0
116219.jpg,0
147678.jpg,0
85090.jpg,0
80368.jpg,0
157481.jpg,0
76718.jpg,0
91827.jpg,0
45718.jpg,0
80161.jpg,0
145665.jpg,0
36229.jpg,0
103832.jpg,0
93199.jpg,0
48435.jpg,0
77388.jpg,0
75506.jpg,0
132726.jpg,0
104225.jpg,0
34059.jpg,0
28054.jpg,0
133414.jpg,0
95632.jpg,0
122389.jpg,0
35697.jpg,0
60725.jpg,0
362.jpg,0
37990.jpg,0
106004.jpg,0
118341.jpg,0
43717.jpg,0
157254.jpg,0
123707.jpg,0
70508.jpg,0
88672.jpg,0
37301.jpg,0
88066.jpg,0
91082.jpg,0
107198.jpg,0
126459.jpg,0
77818.jpg,0
133678.jpg,0
19543.jpg,0
106406.jpg,0
148126.jpg,0
49638.jpg,0
40497.jpg,0
143572.jpg,0
90073.jpg,0
6256.jpg,0
45619.jpg,0
151005.jpg,0
45264.jpg,0
44882.jpg,0
25703.jpg,0
43592.jpg,0
131254.jpg,0
105041.jpg,0
89876.jpg,0
134212.jpg,0
137123.jpg,0
10692.jpg,0
41317.jpg,0
71983.jpg,0
159617.jpg,0
56505.jpg,0
143975.jpg,0
157417.jpg,0
70706.jpg,0
134389.jpg,0
125377.jpg,0
73698.jpg,0
95659.jpg,0
141727.jpg,0
63241.jpg,0
37314.jpg,0
125299.jpg,0
13733.jpg,0
58545.jpg,0
136218.jpg,0
91655.jpg,0
32010.jpg,0
62111.jpg,0
113163.jpg,0
56479.jpg,0
154414.jpg,0
123427.jpg,0
122158.jpg,0
70783.jpg,0
131270.jpg,0
38061.jpg,0
57453.jpg,0
45563.jpg,0
139174.jpg,0
77395.jpg,0
80292.jpg,0
119290.jpg,0
43134.jpg,0
159698.jpg,0
13052.jpg,0
133393.jpg,0
16377.jpg,0
11548.jpg,0
17514.jpg,0
120747.jpg,0
151589.jpg,0
43282.jpg,0
101674.jpg,0
23058.jpg,0
34521.jpg,0
56288.jpg,0
24168.jpg,0
37131.jpg,0
60049.jpg,0
133613.jpg,0
136532.jpg,0
156015.jpg,0
103285.jpg,0
22103.jpg,0
89893.jpg,0
23861.jpg,0
92854.jpg,0
71749.jpg,0
18466.jpg,0
113399.jpg,0
111799.jpg,0
843.jpg,0
80515.jpg,0
138661.jpg,0
50561.jpg,0
62801.jpg,0
153394.jpg,0
26051.jpg,0
133058.jpg,0
68923.jpg,0
69088.jpg,0
4335.jpg,0
61263.jpg,0
141757.jpg,0
24460.jpg,0
66018.jpg,0
43298.jpg,0
103067.jpg,0
122123.jpg,0
81272.jpg,0
86456.jpg,0
92671.jpg,0
67874.jpg,0
1367.jpg,0
6383.jpg,0
53275.jpg,0
116168.jpg,0
116706.jpg,0
78888.jpg,0
127226.jpg,0
15034.jpg,0
95830.jpg,0
123638.jpg,0
78697.jpg,0
76380.jpg,0
110940.jpg,0
54936.jpg,0
141463.jpg,0
64930.jpg,0
63388.jpg,0
143430.jpg,0
160195.jpg,0
42301.jpg,0
154472.jpg,0
17625.jpg,0
10235.jpg,0
60175.jpg,0
70277.jpg,0
58967.jpg,0
121999.jpg,0
73541.jpg,0
124625.jpg,0
67023.jpg,0
155179.jpg,0
138188.jpg,0
120803.jpg,0
81374.jpg,0
44146.jpg,0
50742.jpg,0
95782.jpg,0
124093.jpg,0
59576.jpg,0
54425.jpg,0
64692.jpg,0
138579.jpg,0
149697.jpg,0
28977.jpg,0
69267.jpg,0
29380.jpg,0
149733.jpg,0
9375.jpg,0
147256.jpg,0
126233.jpg,0
125946.jpg,0
125585.jpg,0
29654.jpg,0
65077.jpg,0
68984.jpg,0
135887.jpg,0
122931.jpg,0
146542.jpg,0
18184.jpg,0
146309.jpg,0
53048.jpg,0
33781.jpg,0
83685.jpg,0
34579.jpg,0
2853.jpg,0
112091.jpg,0
10266.jpg,0
11960.jpg,0
109527.jpg,0
77354.jpg,0
106468.jpg,0
14720.jpg,0
31520.jpg,0
55431.jpg,0
414.jpg,0
52051.jpg,0
122225.jpg,0
58948.jpg,0
72599.jpg,0
94016.jpg,0
98650.jpg,0
35968.jpg,0
28492.jpg,0
153753.jpg,0
29375.jpg,0
113317.jpg,0
19574.jpg,0
69175.jpg,0
86898.jpg,0
39523.jpg,0
40283.jpg,0
91977.jpg,0
139086.jpg,0
57338.jpg,0
156779.jpg,0
21977.jpg,0
33034.jpg,0
35401.jpg,0
74965.jpg,0
58161.jpg,0
55767.jpg,0
60583.jpg,0
10290.jpg,0
106909.jpg,0
31735.jpg,0
69834.jpg,0
13928.jpg,0
60029.jpg,0
76470.jpg,0
99287.jpg,0
121371.jpg,0
148614.jpg,0
155340.jpg,0
1143.jpg,0
63348.jpg,0
65597.jpg,0
122889.jpg,0
150149.jpg,0
60903.jpg,0
135921.jpg,0
72675.jpg,0
83492.jpg,0
3294.jpg,0
136112.jpg,0
24686.jpg,0
77363.jpg,0
26373.jpg,0
46475.jpg,0
93085.jpg,0
120862.jpg,0
35499.jpg,0
124698.jpg,0
122251.jpg,0
153207.jpg,0
135156.jpg,0
109940.jpg,0
127300.jpg,0
45699.jpg,0
41743.jpg,0
8534.jpg,0
67227.jpg,0
54263.jpg,0
94979.jpg,0
95896.jpg,0
141363.jpg,0
87567.jpg,0
17870.jpg,0
155298.jpg,0
44094.jpg,0
148808.jpg,0
75388.jpg,0
26747.jpg,0
159112.jpg,0
8303.jpg,0
129468.jpg,0
26800.jpg,0
123712.jpg,0
69141.jpg,0
12001.jpg,0
17540.jpg,0
77976.jpg,0
26227.jpg,0
80293.jpg,0
88598.jpg,0
107040.jpg,0
93236.jpg,0
101552.jpg,0
91351.jpg,0
42529.jpg,0
20947.jpg,0
139154.jpg,0
51825.jpg,0
99514.jpg,0
76795.jpg,0
134061.jpg,0
128644.jpg,0
46819.jpg,0
52424.jpg,0
149130.jpg,0
148881.jpg,0
99081.jpg,0
107060.jpg,0
104708.jpg,0
97893.jpg,0
72337.jpg,0
243.jpg,0
160562.jpg,0
19616.jpg,0
74133.jpg,0
13034.jpg,0
191.jpg,0
25471.jpg,0
26279.jpg,0
52169.jpg,0
139067.jpg,0
136548.jpg,0
59571.jpg,0
50924.jpg,0
114518.jpg,0
83548.jpg,0
10615.jpg,0
47741.jpg,0
132413.jpg,0
29564.jpg,0
54431.jpg,0
126040.jpg,0
91327.jpg,0
138654.jpg,0
69860.jpg,0
96129.jpg,0
39701.jpg,0
153455.jpg,0
117301.jpg,0
11436.jpg,0
109654.jpg,0
159524.jpg,0
107829.jpg,0
9495.jpg,0
50648.jpg,0
88785.jpg,0
77394.jpg,0
28519.jpg,0
66908.jpg,0
57596.jpg,0
43738.jpg,0
100802.jpg,0
37871.jpg,0
7755.jpg,0
78963.jpg,0
21816.jpg,0
91065.jpg,0
147091.jpg,0
104389.jpg,0
80031.jpg,0
159001.jpg,0
34675.jpg,0
101570.jpg,0
81211.jpg,0
96854.jpg,0
38565.jpg,0
146810.jpg,0
110747.jpg,0
130232.jpg,0
119565.jpg,0
98559.jpg,0
158128.jpg,0
68229.jpg,0
82683.jpg,0
38309.jpg,0
40906.jpg,0
139039.jpg,0
92282.jpg,0
51610.jpg,0
74467.jpg,0
51692.jpg,0
130854.jpg,0
1408.jpg,0
111738.jpg,0
77933.jpg,0
87697.jpg,0
11235.jpg,0
152620.jpg,0
43087.jpg,0
36358.jpg,0
24734.jpg,0
119177.jpg,0
57800.jpg,0
14431.jpg,0
98707.jpg,0
90592.jpg,0
31386.jpg,0
883.jpg,0
112047.jpg,0
81805.jpg,0
156640.jpg,0
13920.jpg,0
131764.jpg,0
22606.jpg,0
47749.jpg,0
30659.jpg,0
95569.jpg,0
27386.jpg,0
84657.jpg,0
8959.jpg,0
151337.jpg,0
46050.jpg,0
77920.jpg,0
1645.jpg,0
140628.jpg,0
38958.jpg,0
55631.jpg,0
24830.jpg,0
33081.jpg,0
110214.jpg,0
24474.jpg,0
141544.jpg,0
27330.jpg,0
44284.jpg,0
89415.jpg,0
146320.jpg,0
18992.jpg,0
126612.jpg,0
69828.jpg,0
110490.jpg,0
95976.jpg,0
106568.jpg,0
109777.jpg,0
105374.jpg,0
31155.jpg,0
22967.jpg,0
144042.jpg,0
43490.jpg,0
89410.jpg,0
59003.jpg,0
147359.jpg,0
109978.jpg,0
66535.jpg,0
90885.jpg,0
160270.jpg,0
146906.jpg,0
96718.jpg,0
71700.jpg,0
102097.jpg,0
70701.jpg,0
97115.jpg,0
58101.jpg,0
109466.jpg,0
2517.jpg,0
88708.jpg,0
145820.jpg,0
118074.jpg,0
144838.jpg,0
137061.jpg,0
27652.jpg,0
49940.jpg,0
47978.jpg,0
35673.jpg,0
7532.jpg,0
71609.jpg,0
3143.jpg,0
95169.jpg,0
75087.jpg,0
143317.jpg,0
110382.jpg,0
139939.jpg,0
115031.jpg,0
2134.jpg,0
63068.jpg,0
145478.jpg,0
99313.jpg,0
91924.jpg,0
159040.jpg,0
96055.jpg,0
146247.jpg,0
5523.jpg,0
44422.jpg,0
82880.jpg,0
39756.jpg,0
68567.jpg,0
143830.jpg,0
36961.jpg,0
150246.jpg,0
156548.jpg,0
109295.jpg,0
14383.jpg,0
142845.jpg,0
100339.jpg,0
135192.jpg,0
98900.jpg,0
131242.jpg,0
134315.jpg,0
76432.jpg,0
83861.jpg,0
146116.jpg,0
150784.jpg,0
148806.jpg,0
80945.jpg,0
135446.jpg,0
84709.jpg,0
45868.jpg,0
140787.jpg,0
87552.jpg,0
97940.jpg,0
101573.jpg,0
108161.jpg,0
50219.jpg,0
30315.jpg,0
134175.jpg,0
153800.jpg,0
38156.jpg,0
98845.jpg,0
64688.jpg,0
80458.jpg,0
42826.jpg,0
4933.jpg,0
58105.jpg,0
132217.jpg,0
13158.jpg,0
38142.jpg,0
44006.jpg,0
154744.jpg,0
67142.jpg,0
122977.jpg,0
102387.jpg,0
22485.jpg,0
133389.jpg,0
132422.jpg,0
120275.jpg,0
116947.jpg,0
110631.jpg,0
15999.jpg,0
39150.jpg,0
97880.jpg,0
95919.jpg,0
29476.jpg,0
139803.jpg,0
27482.jpg,0
134299.jpg,0
69060.jpg,0
34037.jpg,0
158879.jpg,0
74672.jpg,0
120234.jpg,0
30188.jpg,0
40558.jpg,0
28306.jpg,0
58881.jpg,0
126556.jpg,0
131993.jpg,0
113897.jpg,0
29924.jpg,0
26613.jpg,0
159494.jpg,0
4.jpg,0
101811.jpg,0
70989.jpg,0
83910.jpg,0
33809.jpg,0
127808.jpg,0
113071.jpg,0
152582.jpg,0
73725.jpg,0
81117.jpg,0
85467.jpg,0
131185.jpg,0
73742.jpg,0
133062.jpg,0
38390.jpg,0
146807.jpg,0
155666.jpg,0
4068.jpg,0
65673.jpg,0
37997.jpg,0
14918.jpg,0
24422.jpg,0
150739.jpg,0
23578.jpg,0
62009.jpg,0
85453.jpg,0
4057.jpg,0
132254.jpg,0
101246.jpg,0
104483.jpg,0
45137.jpg,0
1412.jpg,0
69494.jpg,0
95027.jpg,0
68264.jpg,0
319.jpg,0
121515.jpg,0
55448.jpg,0
52460.jpg,0
125190.jpg,0
98912.jpg,0
75103.jpg,0
45162.jpg,0
32865.jpg,0
21598.jpg,0
23419.jpg,0
84574.jpg,0
116079.jpg,0
117498.jpg,0
121180.jpg,0
156515.jpg,0
6668.jpg,0
42501.jpg,0
126876.jpg,0
15630.jpg,0
83853.jpg,0
14614.jpg,0
47574.jpg,0
133026.jpg,0
94446.jpg,0
54644.jpg,0
49879.jpg,0
95090.jpg,0
13247.jpg,0
112597.jpg,0
44792.jpg,0
99248.jpg,0
42142.jpg,0
42383.jpg,0
3930.jpg,0
160179.jpg,0
4983.jpg,0
133918.jpg,0
79914.jpg,0
78934.jpg,0
88951.jpg,0
157019.jpg,0
126919.jpg,0
158664.jpg,0
148434.jpg,0
53523.jpg,0
12771.jpg,0
143141.jpg,0
135481.jpg,0
28409.jpg,0
91158.jpg,0
64928.jpg,0
113327.jpg,0
118567.jpg,0
116312.jpg,0
101330.jpg,0
87458.jpg,0
17330.jpg,0
77270.jpg,0
35434.jpg,0
131825.jpg,0
109700.jpg,0
22700.jpg,0
74112.jpg,0
160589.jpg,0
94750.jpg,0
113303.jpg,0
111081.jpg,0
116184.jpg,0
158087.jpg,0
39449.jpg,0
810.jpg,0
73411.jpg,0
89788.jpg,0
56049.jpg,0
7042.jpg,0
140884.jpg,0
110784.jpg,0
122979.jpg,0
46585.jpg,0
134814.jpg,0
94244.jpg,0
5830.jpg,0
112252.jpg,0
32779.jpg,0
148121.jpg,0
29072.jpg,0
23336.jpg,0
41379.jpg,0
69454.jpg,0
156796.jpg,0
3608.jpg,0
145151.jpg,0
102185.jpg,0
113743.jpg,0
85722.jpg,0
128601.jpg,0
95977.jpg,0
88555.jpg,0
107862.jpg,0
24352.jpg,0
94537.jpg,0
51278.jpg,0
67159.jpg,0
146560.jpg,0
28816.jpg,0
93757.jpg,0
128470.jpg,0
155033.jpg,0
145866.jpg,0
114786.jpg,0
61363.jpg,0
38692.jpg,0
125974.jpg,0
141223.jpg,0
18760.jpg,0
122737.jpg,0
105782.jpg,0
49076.jpg,0
100248.jpg,0
84672.jpg,0
96869.jpg,0
79830.jpg,0
97015.jpg,0
73657.jpg,0
131463.jpg,0
92178.jpg,0
87902.jpg,0
31010.jpg,0
109966.jpg,0
154041.jpg,0
137822.jpg,0
13883.jpg,0
7719.jpg,0
16658.jpg,0
5507.jpg,0
29907.jpg,0
134427.jpg,0
99709.jpg,0
39025.jpg,0
118033.jpg,0
105500.jpg,0
143018.jpg,0
34829.jpg,0
107554.jpg,0
83330.jpg,0
129904.jpg,0
24479.jpg,0
120791.jpg,0
3798.jpg,0
81685.jpg,0
101183.jpg,0
95138.jpg,0
145437.jpg,0
69645.jpg,0
24985.jpg,0
124511.jpg,0
111165.jpg,0
137831.jpg,0
122733.jpg,0
95484.jpg,0
45121.jpg,0
143443.jpg,0
14384.jpg,0
104200.jpg,0
57353.jpg,0
6423.jpg,0
143782.jpg,0
92891.jpg,0
105616.jpg,0
131599.jpg,0
115027.jpg,0
19907.jpg,0
115947.jpg,0
64819.jpg,0
61374.jpg,0
42337.jpg,0
37392.jpg,0
121367.jpg,0
153852.jpg,0
112333.jpg,0
68687.jpg,0
95020.jpg,0
34458.jpg,0
15446.jpg,0
28611.jpg,0
108946.jpg,0
42554.jpg,0
76026.jpg,0
74417.jpg,0
160485.jpg,0
159771.jpg,0
128584.jpg,0
138818.jpg,0
115215.jpg,0
152161.jpg,0
146067.jpg,0
9206.jpg,0
7648.jpg,0
78268.jpg,0
72505.jpg,0
50616.jpg,0
16219.jpg,0
152830.jpg,0
457.jpg,0
40521.jpg,0
143845.jpg,0
107336.jpg,0
140524.jpg,0
91844.jpg,0
35106.jpg,0
75576.jpg,0
97299.jpg,0
45073.jpg,0
81847.jpg,0
146904.jpg,0
106213.jpg,0
142538.jpg,0
121568.jpg,0
35.jpg,0
131705.jpg,0
100547.jpg,0
52969.jpg,0
152864.jpg,0
149334.jpg,0
26533.jpg,0
71177.jpg,0
90650.jpg,0
11029.jpg,0
89297.jpg,0
77292.jpg,0
50169.jpg,0
151808.jpg,0
120207.jpg,0
54658.jpg,0
33208.jpg,0
4694.jpg,0
63031.jpg,0
3272.jpg,0
145013.jpg,0
97106.jpg,0
130224.jpg,0
81977.jpg,0
147691.jpg,0
121217.jpg,0
139591.jpg,0
137317.jpg,0
100325.jpg,0
96171.jpg,0
13378.jpg,0
159099.jpg,0
140214.jpg,0
133890.jpg,0
76948.jpg,0
109987.jpg,0
129378.jpg,0
29772.jpg,0
158876.jpg,0
34677.jpg,0
135087.jpg,0
112921.jpg,0
101620.jpg,0
18272.jpg,0
38213.jpg,0
104288.jpg,0
73235.jpg,0
143914.jpg,0
121929.jpg,0
92686.jpg,0
125960.jpg,0
91589.jpg,0
39079.jpg,0
145928.jpg,0
16775.jpg,0
75394.jpg,0
104967.jpg,0
25821.jpg,0
47132.jpg,0
62416.jpg,0
89316.jpg,0
102648.jpg,0
146302.jpg,0
147104.jpg,0
154834.jpg,0
116170.jpg,0
122419.jpg,0
53359.jpg,0
87534.jpg,0
33882.jpg,0
733.jpg,0
43500.jpg,0
158959.jpg,0
5841.jpg,0
119293.jpg,0
128997.jpg,0
57790.jpg,0
78940.jpg,0
35958.jpg,0
85044.jpg,0
129453.jpg,0
156627.jpg,0
116540.jpg,0
11767.jpg,0
115003.jpg,0
45802.jpg,0
98246.jpg,0
103134.jpg,0
151723.jpg,0
112315.jpg,0
3875.jpg,0
46498.jpg,0
47546.jpg,0
54457.jpg,0
38723.jpg,0
88632.jpg,0
57129.jpg,0
94971.jpg,0
31593.jpg,0
43598.jpg,0
57716.jpg,0
102022.jpg,0
110416.jpg,0
95414.jpg,0
108629.jpg,0
158009.jpg,0
55470.jpg,0
70680.jpg,0
154375.jpg,0
8256.jpg,0
129866.jpg,0
47900.jpg,0
11813.jpg,0
26612.jpg,0
41943.jpg,0
155252.jpg,0
80717.jpg,0
107258.jpg,0
159583.jpg,0
128134.jpg,0
38016.jpg,0
51571.jpg,0
141384.jpg,0
111643.jpg,0
111628.jpg,0
62344.jpg,0
783.jpg,0
58178.jpg,0
154829.jpg,0
108801.jpg,0
87121.jpg,0
47311.jpg,0
58568.jpg,0
130193.jpg,0
131293.jpg,0
82426.jpg,0
8598.jpg,0
22607.jpg,0
79191.jpg,0
23398.jpg,0
90206.jpg,0
133171.jpg,0
67612.jpg,0
6106.jpg,0
65646.jpg,0
145593.jpg,0
109568.jpg,0
157685.jpg,0
104766.jpg,0
45945.jpg,0
20689.jpg,0
152368.jpg,0
33092.jpg,0
41208.jpg,0
147414.jpg,0
65877.jpg,0
26585.jpg,0
92932.jpg,0
151057.jpg,0
17590.jpg,0
14075.jpg,0
104171.jpg,0
151075.jpg,0
72207.jpg,0
35802.jpg,0
135596.jpg,0
150871.jpg,0
4307.jpg,0
49500.jpg,0
150348.jpg,0
108457.jpg,0
118851.jpg,0
39541.jpg,0
120774.jpg,0
3609.jpg,0
46281.jpg,0
79582.jpg,0
6344.jpg,0
127324.jpg,0
78425.jpg,0
134664.jpg,0
153310.jpg,0
64152.jpg,0
142193.jpg,0
40538.jpg,0
34603.jpg,0
141142.jpg,0
19783.jpg,0
160091.jpg,0
32347.jpg,0
47877.jpg,0
28976.jpg,0
43263.jpg,0
79623.jpg,0
156582.jpg,0
108640.jpg,0
77864.jpg,0
7026.jpg,0
44041.jpg,0
39603.jpg,0
79503.jpg,0
5616.jpg,0
106366.jpg,0
54784.jpg,0
17874.jpg,0
52744.jpg,0
126479.jpg,0
3103.jpg,0
11591.jpg,0
157001.jpg,0
138294.jpg,0
151188.jpg,0
150504.jpg,0
67933.jpg,0
13174.jpg,0
34031.jpg,0
122380.jpg,0
137716.jpg,0
131262.jpg,0
44716.jpg,0
118936.jpg,0
76488.jpg,0
54196.jpg,0
138713.jpg,0
6806.jpg,0
56354.jpg,0
85848.jpg,0
123316.jpg,0
3098.jpg,0
160410.jpg,0
56612.jpg,0
160086.jpg,0
65129.jpg,0
100494.jpg,0
46639.jpg,0
128916.jpg,0
87080.jpg,0
34185.jpg,0
28975.jpg,0
26546.jpg,0
128967.jpg,0
66220.jpg,0
53068.jpg,0
55358.jpg,0
2645.jpg,0
94146.jpg,0
90718.jpg,0
11100.jpg,0
141722.jpg,0
66190.jpg,0
97541.jpg,0
15693.jpg,0
85139.jpg,0
136833.jpg,0
100347.jpg,0
91857.jpg,0
128522.jpg,0
94975.jpg,0
51146.jpg,0
71088.jpg,0
801.jpg,0
111281.jpg,0
130811.jpg,0
12711.jpg,0
141588.jpg,0
69378.jpg,0
59298.jpg,0
90423.jpg,0
115638.jpg,0
16490.jpg,0
3027.jpg,0
75119.jpg,0
6844.jpg,0
37444.jpg,0
68134.jpg,0
17442.jpg,0
128402.jpg,0
134051.jpg,0
20958.jpg,0
44848.jpg,0
130417.jpg,0
71343.jpg,0
44774.jpg,0
118305.jpg,0
45550.jpg,0
34194.jpg,0
83427.jpg,0
69874.jpg,0
28141.jpg,0
98484.jpg,0
9697.jpg,0
146454.jpg,0
60479.jpg,0
113056.jpg,0
5314.jpg,0
146688.jpg,0
19921.jpg,0
102019.jpg,0
115326.jpg,0
43287.jpg,0
92100.jpg,0
101853.jpg,0
26327.jpg,0
24941.jpg,0
61808.jpg,0
95234.jpg,0
23499.jpg,0
62495.jpg,0
51352.jpg,0
67511.jpg,0
126341.jpg,0
52084.jpg,0
106000.jpg,0
131236.jpg,0
138397.jpg,0
76537.jpg,0
139097.jpg,0
102260.jpg,0
122993.jpg,0
17194.jpg,0
23885.jpg,0
95127.jpg,0
36798.jpg,0
13772.jpg,0
134786.jpg,0
86637.jpg,0
112752.jpg,0
1281.jpg,0
27054.jpg,0
78669.jpg,0
35253.jpg,0
69215.jpg,0
123999.jpg,0
17020.jpg,0
151815.jpg,0
89308.jpg,0
32973.jpg,0
47484.jpg,0
55233.jpg,0
143846.jpg,0
43364.jpg,0
88925.jpg,0
69103.jpg,0
133254.jpg,0
15730.jpg,0
18944.jpg,0
12534.jpg,0
79891.jpg,0
45136.jpg,0
91140.jpg,0
136044.jpg,0
91808.jpg,0
76581.jpg,0
58370.jpg,0
5861.jpg,0
139391.jpg,0
95460.jpg,0
81834.jpg,0
11178.jpg,0
65861.jpg,0
80170.jpg,0
72960.jpg,0
119795.jpg,0
69520.jpg,0
96779.jpg,0
140922.jpg,0
45481.jpg,0
155786.jpg,0
37553.jpg,0
102244.jpg,0
78253.jpg,0
104747.jpg,0
38845.jpg,0
21129.jpg,0
19581.jpg,0
120736.jpg,0
119809.jpg,0
9833.jpg,0
26113.jpg,0
75125.jpg,0
49437.jpg,0
156698.jpg,0
32163.jpg,0
77982.jpg,0
138979.jpg,0
114068.jpg,0
59244.jpg,0
75996.jpg,0
35482.jpg,0
151788.jpg,0
42354.jpg,0
62486.jpg,0
139545.jpg,0
75426.jpg,0
56182.jpg,0
97208.jpg,0
13342.jpg,0
59773.jpg,0
141534.jpg,0
83372.jpg,0
76400.jpg,0
39196.jpg,0
56499.jpg,0
78110.jpg,0
99885.jpg,0
21404.jpg,0
81124.jpg,0
112827.jpg,0
126371.jpg,0
58162.jpg,0
110311.jpg,0
151944.jpg,0
106752.jpg,0
21373.jpg,0
58931.jpg,0
90350.jpg,0
15391.jpg,0
51858.jpg,0
135228.jpg,0
15437.jpg,0
2085.jpg,0
84777.jpg,0
36174.jpg,0
61009.jpg,0
96683.jpg,0
81723.jpg,0
152587.jpg,0
104341.jpg,0
124595.jpg,0
68383.jpg,0
19100.jpg,0
14983.jpg,0
126681.jpg,0
109177.jpg,0
63181.jpg,0
120410.jpg,0
54870.jpg,0
85444.jpg,0
24110.jpg,0
30633.jpg,0
127039.jpg,0
122332.jpg,0
47815.jpg,0
12706.jpg,0
57071.jpg,0
158625.jpg,0
145579.jpg,0
122954.jpg,0
105537.jpg,0
13025.jpg,0
115364.jpg,0
138664.jpg,0
15685.jpg,0
7272.jpg,0
20100.jpg,0
75745.jpg,0
60748.jpg,0
117954.jpg,0
3064.jpg,0
54338.jpg,0
24913.jpg,0
96922.jpg,0
56074.jpg,0
41274.jpg,0
57896.jpg,0
133219.jpg,0
65409.jpg,0
151544.jpg,0
58564.jpg,0
105946.jpg,0
68633.jpg,0
93145.jpg,0
37398.jpg,0
129395.jpg,0
96720.jpg,0
124379.jpg,0
93999.jpg,0
47376.jpg,0
152785.jpg,0
35708.jpg,0
98723.jpg,0
91706.jpg,0
80165.jpg,0
108726.jpg,0
84579.jpg,0
25389.jpg,0
9907.jpg,0
74188.jpg,0
27124.jpg,0
39862.jpg,0
58431.jpg,0
87995.jpg,0
30380.jpg,0
25048.jpg,0
11119.jpg,0
5080.jpg,0
3357.jpg,0
100761.jpg,0
29140.jpg,0
50582.jpg,0
130599.jpg,0
49421.jpg,0
111080.jpg,0
78473.jpg,0
95481.jpg,0
65386.jpg,0
45521.jpg,0
84009.jpg,0
93997.jpg,0
20656.jpg,0
143012.jpg,0
55091.jpg,0
103236.jpg,0
141411.jpg,0
147495.jpg,0
144771.jpg,0
4584.jpg,0
130803.jpg,0
137005.jpg,0
104227.jpg,0
45205.jpg,0
146364.jpg,0
30283.jpg,0
22477.jpg,0
44700.jpg,0
137067.jpg,0
136247.jpg,0
52432.jpg,0
39797.jpg,0
95915.jpg,0
80927.jpg,0
15213.jpg,0
50440.jpg,0
157370.jpg,0
612.jpg,0
129913.jpg,0
125555.jpg,0
1308.jpg,0
18896.jpg,0
30769.jpg,0
98923.jpg,0
129035.jpg,0
39358.jpg,0
134534.jpg,0
36508.jpg,0
53819.jpg,0
137247.jpg,0
53811.jpg,0
36389.jpg,0
5040.jpg,0
144088.jpg,0
147868.jpg,0
14833.jpg,0
64579.jpg,0
83306.jpg,0
49432.jpg,0
13652.jpg,0
37298.jpg,0
22678.jpg,0
159236.jpg,0
148069.jpg,0
67736.jpg,0
42293.jpg,0
108255.jpg,0
49172.jpg,0
125.jpg,0
89252.jpg,0
103702.jpg,0
87037.jpg,0
59156.jpg,0
25847.jpg,0
79591.jpg,0
35463.jpg,0
37151.jpg,0
9481.jpg,0
143703.jpg,0
40238.jpg,0
68069.jpg,0
108350.jpg,0
53580.jpg,0
37732.jpg,0
157954.jpg,0
22981.jpg,0
155005.jpg,0
16062.jpg,0
78917.jpg,0
62715.jpg,0
96418.jpg,0
108461.jpg,0
101529.jpg,0
110321.jpg,0
71786.jpg,0
134429.jpg,0
104498.jpg,0
427.jpg,0
91319.jpg,0
38449.jpg,0
65634.jpg,0
153495.jpg,0
85093.jpg,0
46731.jpg,0
20449.jpg,0
29613.jpg,0
133020.jpg,0
39657.jpg,0
46871.jpg,0
62853.jpg,0
47416.jpg,0
54575.jpg,0
8156.jpg,0
50421.jpg,0
134618.jpg,0
146419.jpg,0
72027.jpg,0
160720.jpg,0
94693.jpg,0
19154.jpg,0
27131.jpg,0
9746.jpg,0
50253.jpg,0
10963.jpg,0
72542.jpg,0
120192.jpg,0
82568.jpg,0
55351.jpg,0
87945.jpg,0
75197.jpg,0
4313.jpg,0
85258.jpg,0
34913.jpg,0
39884.jpg,0
116240.jpg,0
64345.jpg,0
18848.jpg,0
154551.jpg,0
146291.jpg,0
16249.jpg,0
13510.jpg,0
10820.jpg,0
56476.jpg,0
24960.jpg,0
71688.jpg,0
99515.jpg,0
158232.jpg,0
29477.jpg,0
92630.jpg,0
68943.jpg,0
64502.jpg,0
151106.jpg,0
32051.jpg,0
76108.jpg,0
120935.jpg,0
91881.jpg,0
114792.jpg,0
62275.jpg,0
151441.jpg,0
63391.jpg,0
10494.jpg,0
93131.jpg,0
70694.jpg,0
45800.jpg,0
147588.jpg,0
141668.jpg,0
133542.jpg,0
147083.jpg,0
46812.jpg,0
13267.jpg,0
149990.jpg,0
122653.jpg,0
15511.jpg,0
17492.jpg,0
98329.jpg,0
4354.jpg,0
110447.jpg,0
20608.jpg,0
83030.jpg,0
96730.jpg,0
96709.jpg,0
15469.jpg,0
25333.jpg,0
52810.jpg,0
117584.jpg,0
108353.jpg,0
72106.jpg,0
154064.jpg,0
118137.jpg,0
104000.jpg,0
106875.jpg,0
307.jpg,0
89680.jpg,0
97851.jpg,0
120292.jpg,0
145518.jpg,0
145571.jpg,0
25731.jpg,0
149349.jpg,0
132343.jpg,0
79302.jpg,0
114661.jpg,0
2078.jpg,0
6793.jpg,0
48172.jpg,0
94524.jpg,0
148202.jpg,0
11125.jpg,0
21047.jpg,0
135776.jpg,0
136757.jpg,0
7513.jpg,0
97487.jpg,0
145356.jpg,0
8217.jpg,0
71895.jpg,0
177.jpg,0
37481.jpg,0
19390.jpg,0
144281.jpg,0
143387.jpg,0
95667.jpg,0
138635.jpg,0
144168.jpg,0
91698.jpg,0
75682.jpg,0
44375.jpg,0
83526.jpg,0
60585.jpg,0
43454.jpg,0
122810.jpg,0
115005.jpg,0
135369.jpg,0
94641.jpg,0
129212.jpg,0
24951.jpg,0
135919.jpg,0
62725.jpg,0
23157.jpg,0
123140.jpg,0
158073.jpg,0
61849.jpg,0
26771.jpg,0
67687.jpg,0
156206.jpg,0
49483.jpg,0
112429.jpg,0
82560.jpg,0
271.jpg,0
76861.jpg,0
111096.jpg,0
125203.jpg,0
32676.jpg,0
46887.jpg,0
46886.jpg,0
78824.jpg,0
143111.jpg,0
4396.jpg,0
160666.jpg,0
109258.jpg,0
157409.jpg,0
148356.jpg,0
115182.jpg,0
17009.jpg,0
89055.jpg,0
93936.jpg,0
45076.jpg,0
122912.jpg,0
31167.jpg,0
98456.jpg,0
124611.jpg,0
129158.jpg,0
29042.jpg,0
54322.jpg,0
149182.jpg,0
149311.jpg,0
32570.jpg,0
157421.jpg,0
3872.jpg,0
118376.jpg,0
75606.jpg,0
114294.jpg,0
33146.jpg,0
125699.jpg,0
104971.jpg,0
92402.jpg,0
71522.jpg,0
7572.jpg,0
40630.jpg,0
17709.jpg,0
59618.jpg,0
143170.jpg,0
41887.jpg,0
84493.jpg,0
94737.jpg,0
68832.jpg,0
135530.jpg,0
43343.jpg,0
100065.jpg,0
129070.jpg,0
87998.jpg,0
39248.jpg,0
118650.jpg,0
76765.jpg,0
7897.jpg,0
142379.jpg,0
88898.jpg,0
122205.jpg,0
78976.jpg,0
52486.jpg,0
82660.jpg,0
94940.jpg,0
116552.jpg,0
64409.jpg,0
21617.jpg,0
137480.jpg,0
38877.jpg,0
115955.jpg,0
98550.jpg,0
123814.jpg,0
77985.jpg,0
54166.jpg,0
41539.jpg,0
54278.jpg,0
50513.jpg,0
103860.jpg,0
137274.jpg,0
60760.jpg,0
33725.jpg,0
57413.jpg,0
21096.jpg,0
113703.jpg,0
134094.jpg,0
99469.jpg,0
56996.jpg,0
58259.jpg,0
35815.jpg,0
109572.jpg,0
130141.jpg,0
158136.jpg,0
111012.jpg,0
69261.jpg,0
33399.jpg,0
82754.jpg,0
23311.jpg,0
112680.jpg,0
128502.jpg,0
6089.jpg,0
63977.jpg,0
45629.jpg,0
149497.jpg,0
150197.jpg,0
116908.jpg,0
121118.jpg,0
159982.jpg,0
22160.jpg,0
116423.jpg,0
34182.jpg,0
127335.jpg,0
28078.jpg,0
90307.jpg,0
158236.jpg,0
39576.jpg,0
29226.jpg,0
141703.jpg,0
1744.jpg,0
131482.jpg,0
79571.jpg,0
26291.jpg,0
64356.jpg,0
141740.jpg,0
61906.jpg,0
72484.jpg,0
59322.jpg,0
88215.jpg,0
24419.jpg,0
112312.jpg,0
49721.jpg,0
77565.jpg,0
26348.jpg,0
35456.jpg,0
100903.jpg,0
87373.jpg,0
99922.jpg,0
142429.jpg,0
119882.jpg,0
69600.jpg,0
26582.jpg,0
85827.jpg,0
10339.jpg,0
41102.jpg,0
81425.jpg,0
147778.jpg,0
43402.jpg,0
88380.jpg,0
47533.jpg,0
122307.jpg,0
24355.jpg,0
139640.jpg,0
792.jpg,0
97797.jpg,0
104886.jpg,0
52388.jpg,0
132844.jpg,0
57441.jpg,0
35056.jpg,0
122026.jpg,0
105471.jpg,0
98467.jpg,0
71982.jpg,0
21238.jpg,0
74231.jpg,0
58675.jpg,0
108452.jpg,0
43046.jpg,0
8833.jpg,0
78871.jpg,0
56149.jpg,0
159372.jpg,0
59392.jpg,0
112663.jpg,0
133134.jpg,0
49001.jpg,0
151055.jpg,0
44313.jpg,0
72946.jpg,0
97860.jpg,0
141086.jpg,0
122934.jpg,0
146511.jpg,0
156053.jpg,0
35926.jpg,0
18742.jpg,0
19299.jpg,0
4848.jpg,0
25161.jpg,0
10030.jpg,0
63782.jpg,0
114384.jpg,0
8014.jpg,0
131051.jpg,0
83882.jpg,0
155615.jpg,0
98772.jpg,0
155282.jpg,0
8585.jpg,0
121659.jpg,0
40432.jpg,0
33634.jpg,0
157393.jpg,0
152074.jpg,0
60695.jpg,0
37760.jpg,0
111587.jpg,0
67600.jpg,0
42629.jpg,0
96282.jpg,0
91714.jpg,0
131639.jpg,0
155613.jpg,0
148725.jpg,0
30519.jpg,0
124769.jpg,0
72674.jpg,0
84322.jpg,0
22519.jpg,0
136367.jpg,0
53697.jpg,0
10925.jpg,0
26078.jpg,0
130609.jpg,0
123405.jpg,0
148167.jpg,0
124600.jpg,0
19386.jpg,0
6923.jpg,0
42825.jpg,0
49729.jpg,0
7634.jpg,0
38373.jpg,0
6965.jpg,0
140122.jpg,0
14839.jpg,0
153550.jpg,0
31191.jpg,0
60615.jpg,0
100238.jpg,0
147197.jpg,0
135574.jpg,0
118024.jpg,0
125795.jpg,0
27602.jpg,0
82839.jpg,0
62645.jpg,0
93925.jpg,0
112515.jpg,0
44019.jpg,0
4292.jpg,0
43170.jpg,0
35739.jpg,0
106421.jpg,0
150245.jpg,0
121139.jpg,0
95492.jpg,0
41964.jpg,0
8941.jpg,0
96747.jpg,0
126594.jpg,0
152925.jpg,0
27250.jpg,0
78821.jpg,0
61480.jpg,0
65494.jpg,0
61287.jpg,0
112887.jpg,0
24325.jpg,0
92133.jpg,0
135531.jpg,0
95868.jpg,0
99740.jpg,0
126369.jpg,0
3470.jpg,0
70196.jpg,0
20593.jpg,0
54829.jpg,0
29070.jpg,0
53772.jpg,0
70913.jpg,0
5366.jpg,0
160699.jpg,0
111666.jpg,0
124373.jpg,0
39748.jpg,0
93975.jpg,0
19357.jpg,0
106545.jpg,0
94129.jpg,0
24627.jpg,0
43581.jpg,0
67244.jpg,0
160618.jpg,0
146877.jpg,0
158562.jpg,0
110582.jpg,0
20649.jpg,0
114672.jpg,0
94219.jpg,0
3670.jpg,0
64924.jpg,0
33911.jpg,0
28632.jpg,0
59677.jpg,0
147873.jpg,0
159745.jpg,0
54450.jpg,0
1135.jpg,0
22238.jpg,0
9385.jpg,0
19044.jpg,0
134230.jpg,0
117282.jpg,0
135095.jpg,0
54459.jpg,0
86876.jpg,0
26877.jpg,0
25029.jpg,0
153192.jpg,0
55231.jpg,0
35504.jpg,0
153972.jpg,0
86861.jpg,0
58479.jpg,0
52503.jpg,0
60152.jpg,0
72978.jpg,0
74618.jpg,0
153276.jpg,0
113350.jpg,0
127505.jpg,0
67080.jpg,0
153316.jpg,0
43995.jpg,0
51933.jpg,0
26819.jpg,0
50172.jpg,0
95650.jpg,0
95388.jpg,0
53093.jpg,0
22752.jpg,0
86383.jpg,0
112462.jpg,0
160088.jpg,0
88403.jpg,0
103041.jpg,0
21082.jpg,0
4277.jpg,0
42620.jpg,0
97809.jpg,0
16564.jpg,0
143576.jpg,0
104558.jpg,0
140697.jpg,0
19506.jpg,0
6574.jpg,0
41647.jpg,0
60401.jpg,0
159975.jpg,0
44508.jpg,0
75707.jpg,0
46568.jpg,0
20869.jpg,0
14811.jpg,0
94560.jpg,0
95858.jpg,0
63049.jpg,0
80653.jpg,0
122102.jpg,0
27210.jpg,0
110668.jpg,0
139182.jpg,0
94019.jpg,0
7280.jpg,0
106402.jpg,0
86646.jpg,0
145193.jpg,0
126295.jpg,0
55835.jpg,0
92203.jpg,0
12599.jpg,0
138395.jpg,0
6539.jpg,0
121364.jpg,0
122542.jpg,0
43463.jpg,0
14141.jpg,0
60559.jpg,0
142058.jpg,0
141624.jpg,0
67724.jpg,0
15323.jpg,0
118177.jpg,0
114466.jpg,0
23692.jpg,0
21767.jpg,0
143351.jpg,0
2707.jpg,0
100418.jpg,0
87150.jpg,0
123729.jpg,0
13744.jpg,0
100607.jpg,0
143708.jpg,0
39403.jpg,0
40791.jpg,0
47297.jpg,0
144814.jpg,0
130361.jpg,0
71818.jpg,0
126464.jpg,0
109612.jpg,0
94689.jpg,0
55190.jpg,0
113143.jpg,0
37333.jpg,0
44651.jpg,0
88055.jpg,0
97465.jpg,0
25380.jpg,0
80438.jpg,0
134710.jpg,0
154351.jpg,0
14182.jpg,0
1244.jpg,0
118570.jpg,0
100219.jpg,0
103999.jpg,0
30784.jpg,0
77.jpg,0
136567.jpg,0
135062.jpg,0
158366.jpg,0
18451.jpg,0
123418.jpg,0
121665.jpg,0
42077.jpg,0
80621.jpg,0
43657.jpg,0
52250.jpg,0
92705.jpg,0
93227.jpg,0
53752.jpg,0
147844.jpg,0
108621.jpg,0
11621.jpg,0
91047.jpg,0
129533.jpg,0
68204.jpg,0
129935.jpg,0
160203.jpg,0
1363.jpg,0
108497.jpg,0
71672.jpg,0
128432.jpg,0
74744.jpg,0
156209.jpg,0
80063.jpg,0
90776.jpg,0
140139.jpg,0
118222.jpg,0
90846.jpg,0
16407.jpg,0
16888.jpg,0
129862.jpg,0
54048.jpg,0
12922.jpg,0
42403.jpg,0
156691.jpg,0
131734.jpg,0
46994.jpg,0
147560.jpg,0
35780.jpg,0
77219.jpg,0
77795.jpg,0
129702.jpg,0
78928.jpg,0
78218.jpg,0
101105.jpg,0
133706.jpg,0
25637.jpg,0
143064.jpg,0
81365.jpg,0
83027.jpg,0
49760.jpg,0
28634.jpg,0
82383.jpg,0
23649.jpg,0
11186.jpg,0
41630.jpg,0
103365.jpg,0
28495.jpg,0
38391.jpg,0
20207.jpg,0
154355.jpg,0
29711.jpg,0
47050.jpg,0
78332.jpg,0
32818.jpg,0
134542.jpg,0
80559.jpg,0
151107.jpg,0
10122.jpg,0
55439.jpg,0
129539.jpg,0
146845.jpg,0
160697.jpg,0
93364.jpg,0
70278.jpg,0
31103.jpg,0
56986.jpg,0
117072.jpg,0
47811.jpg,0
136682.jpg,0
108673.jpg,0
58640.jpg,0
34547.jpg,0
160138.jpg,0
100640.jpg,0
37420.jpg,0
95524.jpg,0
121864.jpg,0
72234.jpg,0
64750.jpg,0
85143.jpg,0
54708.jpg,0
83509.jpg,0
108669.jpg,0
131843.jpg,0
160293.jpg,0
124176.jpg,0
155929.jpg,0
138218.jpg,0
15227.jpg,0
123963.jpg,0
76515.jpg,0
80402.jpg,0
128469.jpg,0
76109.jpg,0
86205.jpg,0
131292.jpg,0
45540.jpg,0
113507.jpg,0
38937.jpg,0
103785.jpg,0
96629.jpg,0
49018.jpg,0
121285.jpg,0
4380.jpg,0
124232.jpg,0
129292.jpg,0
56903.jpg,0
2737.jpg,0
87094.jpg,0
61336.jpg,0
149810.jpg,0
146078.jpg,0
137045.jpg,0
32145.jpg,0
133609.jpg,0
34340.jpg,0
13857.jpg,0
55072.jpg,0
141853.jpg,0
80637.jpg,0
147199.jpg,0
104809.jpg,0
45171.jpg,0
58970.jpg,0
44102.jpg,0
19416.jpg,0
105723.jpg,0
70924.jpg,0
80875.jpg,0
42954.jpg,0
41558.jpg,0
12822.jpg,0
124867.jpg,0
122847.jpg,0
78915.jpg,0
73171.jpg,0
131507.jpg,0
56070.jpg,0
49098.jpg,0
90714.jpg,0
39857.jpg,0
144646.jpg,0
143645.jpg,0
93002.jpg,0
109001.jpg,0
97360.jpg,0
103775.jpg,0
129221.jpg,0
17308.jpg,0
33724.jpg,0
36093.jpg,0
1233.jpg,0
2622.jpg,0
97764.jpg,0
94523.jpg,0
62828.jpg,0
137118.jpg,0
68893.jpg,0
88602.jpg,0
37944.jpg,0
17066.jpg,0
33636.jpg,0
36012.jpg,0
87367.jpg,0
126097.jpg,0
47793.jpg,0
9592.jpg,0
40052.jpg,0
47705.jpg,0
100196.jpg,0
56220.jpg,0
29459.jpg,0
137187.jpg,0
92004.jpg,0
12742.jpg,0
16229.jpg,0
116771.jpg,0
90902.jpg,0
1775.jpg,0
112399.jpg,0
12793.jpg,0
113401.jpg,0
26275.jpg,0
150775.jpg,0
105306.jpg,0
43259.jpg,0
61298.jpg,0
74555.jpg,0
13020.jpg,0
56766.jpg,0
50880.jpg,0
29167.jpg,0
1081.jpg,0
64933.jpg,0
136171.jpg,0
39426.jpg,0
57603.jpg,0
32926.jpg,0
32952.jpg,0
135340.jpg,0
82344.jpg,0
74500.jpg,0
140337.jpg,0
84437.jpg,0
136844.jpg,0
73879.jpg,0
150878.jpg,0
20009.jpg,0
137789.jpg,0
25709.jpg,0
62675.jpg,0
21743.jpg,0
105663.jpg,0
94223.jpg,0
77523.jpg,0
12665.jpg,0
122396.jpg,0
89682.jpg,0
128529.jpg,0
11534.jpg,0
127551.jpg,0
14102.jpg,0
6909.jpg,0
105547.jpg,0
32255.jpg,0
83408.jpg,0
119530.jpg,0
83147.jpg,0
122058.jpg,0
50128.jpg,0
24527.jpg,0
6038.jpg,0
101342.jpg,0
59723.jpg,0
83068.jpg,0
133156.jpg,0
29125.jpg,0
136715.jpg,0
94682.jpg,0
31874.jpg,0
151257.jpg,0
30441.jpg,0
75556.jpg,0
100094.jpg,0
33256.jpg,0
119486.jpg,0
63535.jpg,0
78463.jpg,0
48730.jpg,0
9203.jpg,0
23394.jpg,0
6799.jpg,0
39944.jpg,0
37175.jpg,0
13680.jpg,0
111346.jpg,0
61631.jpg,0
155428.jpg,0
60756.jpg,0
197.jpg,0
10512.jpg,0
22478.jpg,0
30839.jpg,0
115421.jpg,0
130578.jpg,0
94843.jpg,0
104032.jpg,0
126931.jpg,0
42105.jpg,0
85028.jpg,0
30291.jpg,0
25735.jpg,0
134642.jpg,0
70986.jpg,0
46764.jpg,0
116763.jpg,0
65637.jpg,0
74464.jpg,0
63666.jpg,0
146902.jpg,0
1937.jpg,0
2525.jpg,0
158191.jpg,0
136704.jpg,0
108649.jpg,0
20648.jpg,0
124809.jpg,0
27799.jpg,0
152827.jpg,0
60917.jpg,0
128457.jpg,0
26161.jpg,0
64005.jpg,0
15158.jpg,0
94281.jpg,0
63086.jpg,0
117427.jpg,0
33325.jpg,0
142118.jpg,0
97184.jpg,0
124523.jpg,0
6238.jpg,0
65528.jpg,0
70616.jpg,0
97024.jpg,0
134525.jpg,0
21066.jpg,0
53966.jpg,0
24091.jpg,0
824.jpg,0
102836.jpg,0
107276.jpg,0
13837.jpg,0
25490.jpg,0
150992.jpg,0
39718.jpg,0
37743.jpg,0
55709.jpg,0
11152.jpg,0
111937.jpg,0
89598.jpg,0
137280.jpg,0
106047.jpg,0
136361.jpg,0
55242.jpg,0
135881.jpg,0
120564.jpg,0
131018.jpg,0
138963.jpg,0
93455.jpg,0
125804.jpg,0
26384.jpg,0
13807.jpg,0
30056.jpg,0
17027.jpg,0
120542.jpg,0
15626.jpg,0
80897.jpg,0
145495.jpg,0
66302.jpg,0
146109.jpg,0
93586.jpg,0
123235.jpg,0
124221.jpg,0
126505.jpg,0
79408.jpg,0
128080.jpg,0
121323.jpg,0
129661.jpg,0
130713.jpg,0
129820.jpg,0
37257.jpg,0
119635.jpg,0
34430.jpg,0
10687.jpg,0
98277.jpg,0
91100.jpg,0
139842.jpg,0
79377.jpg,0
78240.jpg,0
100995.jpg,0
155456.jpg,0
56470.jpg,0
57600.jpg,0
97740.jpg,0
23133.jpg,0
121550.jpg,0
75286.jpg,0
89407.jpg,0
46957.jpg,0
1766.jpg,0
76431.jpg,0
49772.jpg,0
154575.jpg,0
38854.jpg,0
60995.jpg,0
54675.jpg,0
53735.jpg,0
82793.jpg,0
4243.jpg,0
65105.jpg,0
88200.jpg,0
137645.jpg,0
21049.jpg,0
52923.jpg,0
40393.jpg,0
86950.jpg,0
130607.jpg,0
10446.jpg,0
5174.jpg,0
72976.jpg,0
114782.jpg,0
86120.jpg,0
108260.jpg,0
130868.jpg,0
27079.jpg,0
23201.jpg,0
129069.jpg,0
26097.jpg,0
78414.jpg,0
63471.jpg,0
142975.jpg,0
97530.jpg,0
62385.jpg,0
20269.jpg,0
82877.jpg,0
17906.jpg,0
157473.jpg,0
36969.jpg,0
50108.jpg,0
134106.jpg,0
111027.jpg,0
45549.jpg,0
2500.jpg,0
135115.jpg,0
71637.jpg,0
154263.jpg,0
148905.jpg,0
118730.jpg,0
134661.jpg,0
8295.jpg,0
110080.jpg,0
114921.jpg,0
103027.jpg,0
2802.jpg,0
6917.jpg,0
20780.jpg,0
29778.jpg,0
124909.jpg,0
40563.jpg,0
30180.jpg,0
146048.jpg,0
85678.jpg,0
65759.jpg,0
81559.jpg,0
157932.jpg,0
137084.jpg,0
152722.jpg,0
27798.jpg,0
78943.jpg,0
104808.jpg,0
54543.jpg,0
100557.jpg,0
81244.jpg,0
80185.jpg,0
9609.jpg,0
137623.jpg,0
30867.jpg,0
72506.jpg,0
18092.jpg,0
69850.jpg,0
88678.jpg,0
4912.jpg,0
77150.jpg,0
85493.jpg,0
119940.jpg,0
125361.jpg,0
88739.jpg,0
6412.jpg,0
124568.jpg,0
124933.jpg,0
158546.jpg,0
108684.jpg,0
34934.jpg,0
131227.jpg,0
139880.jpg,0
132221.jpg,0
85333.jpg,0
26729.jpg,0
72735.jpg,0
70049.jpg,0
50536.jpg,0
61157.jpg,0
138981.jpg,0
52438.jpg,0
87940.jpg,0
139828.jpg,0
109529.jpg,0
28288.jpg,0
137429.jpg,0
38677.jpg,0
152546.jpg,0
906.jpg,0
122755.jpg,0
43331.jpg,0
140543.jpg,0
148387.jpg,0
52555.jpg,0
18898.jpg,0
108936.jpg,0
86820.jpg,0
96971.jpg,0
143327.jpg,0
70394.jpg,0
122178.jpg,0
118708.jpg,0
111945.jpg,0
121967.jpg,0
70618.jpg,0
56299.jpg,0
38159.jpg,0
42165.jpg,0
79486.jpg,0
12693.jpg,0
114491.jpg,0
86995.jpg,0
55535.jpg,0
87854.jpg,0
126288.jpg,0
107132.jpg,0
113307.jpg,0
140672.jpg,0
159866.jpg,0
64594.jpg,0
22483.jpg,0
97228.jpg,0
119933.jpg,0
22682.jpg,0
68413.jpg,0
152818.jpg,0
17122.jpg,0
67899.jpg,0
32153.jpg,0
53465.jpg,0
18230.jpg,0
22620.jpg,0
89386.jpg,0
17957.jpg,0
61616.jpg,0
118385.jpg,0
3186.jpg,0
44281.jpg,0
139582.jpg,0
2112.jpg,0
89210.jpg,0
144724.jpg,0
8160.jpg,0
116414.jpg,0
44023.jpg,0
22462.jpg,0
8764.jpg,0
24635.jpg,0
147455.jpg,0
116441.jpg,0
88485.jpg,0
57879.jpg,0
134872.jpg,0
128393.jpg,0
146720.jpg,0
4485.jpg,0
111699.jpg,0
139319.jpg,0
91444.jpg,0
103102.jpg,0
106227.jpg,0
58039.jpg,0
121886.jpg,0
88213.jpg,0
109638.jpg,0
31467.jpg,0
125050.jpg,0
106003.jpg,0
33566.jpg,0
104847.jpg,0
149348.jpg,0
135701.jpg,0
86930.jpg,0
37674.jpg,0
85924.jpg,0
35443.jpg,0
125884.jpg,0
110088.jpg,0
23558.jpg,0
158729.jpg,0
41156.jpg,0
4668.jpg,0
145846.jpg,0
150214.jpg,0
9058.jpg,0
82047.jpg,0
147431.jpg,0
131258.jpg,0
94009.jpg,0
113002.jpg,0
103037.jpg,0
10355.jpg,0
32918.jpg,0
10947.jpg,0
82977.jpg,0
14689.jpg,0
64705.jpg,0
118266.jpg,0
65728.jpg,0
86962.jpg,0
69045.jpg,0
62251.jpg,0
550.jpg,0
147615.jpg,0
73098.jpg,0
29632.jpg,0
83084.jpg,0
19704.jpg,0
115305.jpg,0
41729.jpg,0
8202.jpg,0
159058.jpg,0
153915.jpg,0
106256.jpg,0
139221.jpg,0
76895.jpg,0
133874.jpg,0
59437.jpg,0
45613.jpg,0
133713.jpg,0
63396.jpg,0
74508.jpg,0
50479.jpg,0
123793.jpg,0
109984.jpg,0
78419.jpg,0
103420.jpg,0
45782.jpg,0
92293.jpg,0
100115.jpg,0
99466.jpg,0
82973.jpg,0
11667.jpg,0
26497.jpg,0
132655.jpg,0
132407.jpg,0
136381.jpg,0
87079.jpg,0
104364.jpg,0
69465.jpg,0
123486.jpg,0
45989.jpg,0
51113.jpg,0
46752.jpg,0
75954.jpg,0
56446.jpg,0
144119.jpg,0
105340.jpg,0
105105.jpg,0
132447.jpg,0
141130.jpg,0
26277.jpg,0
69761.jpg,0
125451.jpg,0
65399.jpg,0
129566.jpg,0
29344.jpg,0
29330.jpg,0
87328.jpg,0
5212.jpg,0
33041.jpg,0
100928.jpg,0
159086.jpg,0
67661.jpg,0
46580.jpg,0
135666.jpg,0
102504.jpg,0
142178.jpg,0
69528.jpg,0
104791.jpg,0
115975.jpg,0
95639.jpg,0
154843.jpg,0
85815.jpg,0
109059.jpg,0
21600.jpg,0
35777.jpg,0
55498.jpg,0
158034.jpg,0
97390.jpg,0
88944.jpg,0
154071.jpg,0
91484.jpg,0
73640.jpg,0
22541.jpg,0
78856.jpg,0
82644.jpg,0
83203.jpg,0
97737.jpg,0
51361.jpg,0
53728.jpg,0
109948.jpg,0
159823.jpg,0
100181.jpg,0
60289.jpg,0
130975.jpg,0
114239.jpg,0
77456.jpg,0
103345.jpg,0
134473.jpg,0
149469.jpg,0
23911.jpg,0
49013.jpg,0
85746.jpg,0
44958.jpg,0
62530.jpg,0
159362.jpg,0
2106.jpg,0
73703.jpg,0
145549.jpg,0
49405.jpg,0
24007.jpg,0
153559.jpg,0
28304.jpg,0
96888.jpg,0
22857.jpg,0
137347.jpg,0
65006.jpg,0
155457.jpg,0
52451.jpg,0
126861.jpg,0
136128.jpg,0
114703.jpg,0
35060.jpg,0
21720.jpg,0
154470.jpg,0
27835.jpg,0
141259.jpg,0
106523.jpg,0
99951.jpg,0
39745.jpg,0
12919.jpg,0
31964.jpg,0
2365.jpg,0
145604.jpg,0
148954.jpg,0
25192.jpg,0
146538.jpg,0
7601.jpg,0
52292.jpg,0
93011.jpg,0
42310.jpg,0
67056.jpg,0
29419.jpg,0
111918.jpg,0
84733.jpg,0
74454.jpg,0
122152.jpg,0
138696.jpg,0
83840.jpg,0
66176.jpg,0
133888.jpg,0
121615.jpg,0
133913.jpg,0
147275.jpg,0
140469.jpg,0
32659.jpg,0
94669.jpg,0
86045.jpg,0
99519.jpg,0
113013.jpg,0
25868.jpg,0
45141.jpg,0
110180.jpg,0
100730.jpg,0
128446.jpg,0
141021.jpg,0
4576.jpg,0
43376.jpg,0
123364.jpg,0
130753.jpg,0
55288.jpg,0
114397.jpg,0
51942.jpg,0
64149.jpg,0
12139.jpg,0
92509.jpg,0
27393.jpg,0
34450.jpg,0
117991.jpg,0
3981.jpg,0
62550.jpg,0
106729.jpg,0
112124.jpg,0
4122.jpg,0
46567.jpg,0
111178.jpg,0
145799.jpg,0
18152.jpg,0
90504.jpg,0
20995.jpg,0
109620.jpg,0
31378.jpg,0
16645.jpg,0
6625.jpg,0
145349.jpg,0
10521.jpg,0
19664.jpg,0
106283.jpg,0
74391.jpg,0
111898.jpg,0
121255.jpg,0
146693.jpg,0
20219.jpg,0
100323.jpg,0
152622.jpg,0
131152.jpg,0
15505.jpg,0
156937.jpg,0
124616.jpg,0
75808.jpg,0
155744.jpg,0
38143.jpg,0
77521.jpg,0
40364.jpg,0
12892.jpg,0
25965.jpg,0
122713.jpg,0
36085.jpg,0
29745.jpg,0
85716.jpg,0
46908.jpg,0
110493.jpg,0
8859.jpg,0
44815.jpg,0
38134.jpg,0
58213.jpg,0
130400.jpg,0
31356.jpg,0
62821.jpg,0
40900.jpg,0
14418.jpg,0
61087.jpg,0
60960.jpg,0
30936.jpg,0
63218.jpg,0
58006.jpg,0
143973.jpg,0
76454.jpg,0
79339.jpg,0
109718.jpg,0
92298.jpg,0
136208.jpg,0
32128.jpg,0
131662.jpg,0
23734.jpg,0
66538.jpg,0
50948.jpg,0
151086.jpg,0
133227.jpg,0
94234.jpg,0
140366.jpg,0
117316.jpg,0
15286.jpg,0
9491.jpg,0
11826.jpg,0
150100.jpg,0
78542.jpg,0
89428.jpg,0
22237.jpg,0
136122.jpg,0
135677.jpg,0
112405.jpg,0
23690.jpg,0
75375.jpg,0
50137.jpg,0
106166.jpg,0
70912.jpg,0
158563.jpg,0
86584.jpg,0
97427.jpg,0
46013.jpg,0
126916.jpg,0
143639.jpg,0
23074.jpg,0
135039.jpg,0
60078.jpg,0
157026.jpg,0
29646.jpg,0
110182.jpg,0
27590.jpg,0
98968.jpg,0
3346.jpg,0
116348.jpg,0
82991.jpg,0
35527.jpg,0
25054.jpg,0
12165.jpg,0
153813.jpg,0
99788.jpg,0
101945.jpg,0
82159.jpg,0
107340.jpg,0
144798.jpg,0
129660.jpg,0
118954.jpg,0
138840.jpg,0
142306.jpg,0
12594.jpg,0
110212.jpg,0
86375.jpg,0
28794.jpg,0
62237.jpg,0
128150.jpg,0
22715.jpg,0
59714.jpg,0
48529.jpg,0
32177.jpg,0
53747.jpg,0
10631.jpg,0
39351.jpg,0
52828.jpg,0
11460.jpg,0
38504.jpg,0
72848.jpg,0
119710.jpg,0
143026.jpg,0
7576.jpg,0
112959.jpg,0
31007.jpg,0
20814.jpg,0
47809.jpg,0
44129.jpg,0
131762.jpg,0
107365.jpg,0
76881.jpg,0
155225.jpg,0
30957.jpg,0
89006.jpg,0
129356.jpg,0
28670.jpg,0
113836.jpg,0
101716.jpg,0
74246.jpg,0
10174.jpg,0
90441.jpg,0
119643.jpg,0
116984.jpg,0
144442.jpg,0
10537.jpg,0
20550.jpg,0
45737.jpg,0
105093.jpg,0
82663.jpg,0
119.jpg,0
37044.jpg,0
10703.jpg,0
30855.jpg,0
28723.jpg,0
69251.jpg,0
24368.jpg,0
118641.jpg,0
143880.jpg,0
84601.jpg,0
2410.jpg,0
85880.jpg,0
154695.jpg,0
29213.jpg,0
61673.jpg,0
84036.jpg,0
119648.jpg,0
99843.jpg,0
62980.jpg,0
120811.jpg,0
96653.jpg,0
49402.jpg,0
19450.jpg,0
61424.jpg,0
63952.jpg,0
114278.jpg,0
75462.jpg,0
152878.jpg,0
160339.jpg,0
65202.jpg,0
126332.jpg,0
131777.jpg,0
111650.jpg,0
54629.jpg,0
62706.jpg,0
149083.jpg,0
13501.jpg,0
133578.jpg,0
80232.jpg,0
119538.jpg,0
120990.jpg,0
153070.jpg,0
52288.jpg,0
95553.jpg,0
62273.jpg,0
68885.jpg,0
12477.jpg,0
38882.jpg,0
76013.jpg,0
6413.jpg,0
44899.jpg,0
32505.jpg,0
155423.jpg,0
106994.jpg,0
110777.jpg,0
22220.jpg,0
74423.jpg,0
124215.jpg,0
94863.jpg,0
142822.jpg,0
137328.jpg,0
112165.jpg,0
12305.jpg,0
119529.jpg,0
20506.jpg,0
107904.jpg,0
40666.jpg,0
72129.jpg,0
103809.jpg,0
8332.jpg,0
68067.jpg,0
106707.jpg,0
45134.jpg,0
117728.jpg,0
37851.jpg,0
53657.jpg,0
124854.jpg,0
48420.jpg,0
124634.jpg,0
147434.jpg,0
31070.jpg,0
79550.jpg,0
32693.jpg,0
131992.jpg,0
115149.jpg,0
13912.jpg,0
77488.jpg,0
25556.jpg,0
156351.jpg,0
64806.jpg,0
87394.jpg,0
128783.jpg,0
122678.jpg,0
5818.jpg,0
95340.jpg,0
27159.jpg,0
53977.jpg,0
60738.jpg,0
6707.jpg,0
78290.jpg,0
95424.jpg,0
89867.jpg,0
114449.jpg,0
131719.jpg,0
104411.jpg,0
144069.jpg,0
44350.jpg,0
121106.jpg,0
4270.jpg,0
10904.jpg,0
53623.jpg,0
90124.jpg,0
89355.jpg,0
40940.jpg,0
73292.jpg,0
57967.jpg,0
94331.jpg,0
54332.jpg,0
138688.jpg,0
40030.jpg,0
115905.jpg,0
114986.jpg,0
9207.jpg,0
17050.jpg,0
9090.jpg,0
145195.jpg,0
68560.jpg,0
141522.jpg,0
45283.jpg,0
4400.jpg,0
8060.jpg,0
53131.jpg,0
134370.jpg,0
120436.jpg,0
96060.jpg,0
158078.jpg,0
154651.jpg,0
33366.jpg,0
150844.jpg,0
109435.jpg,0
158827.jpg,0
67925.jpg,0
34879.jpg,0
50315.jpg,0
46613.jpg,0
65276.jpg,0
126033.jpg,0
42810.jpg,0
55000.jpg,0
127257.jpg,0
69725.jpg,0
17518.jpg,0
34932.jpg,0
30087.jpg,0
2252.jpg,0
74266.jpg,0
49951.jpg,0
85525.jpg,0
147807.jpg,0
75810.jpg,0
66002.jpg,0
7958.jpg,0
1771.jpg,0
13869.jpg,0
76731.jpg,0
24948.jpg,0
76893.jpg,0
67120.jpg,0
11076.jpg,0
13500.jpg,0
68550.jpg,0
8693.jpg,0
124984.jpg,0
117701.jpg,0
45765.jpg,0
22509.jpg,0
52665.jpg,0
5585.jpg,0
109241.jpg,0
84353.jpg,0
75670.jpg,0
110808.jpg,0
131667.jpg,0
33395.jpg,0
49404.jpg,0
75567.jpg,0
126242.jpg,0
100633.jpg,0
82552.jpg,0
85096.jpg,0
154204.jpg,0
35479.jpg,0
748.jpg,0
64443.jpg,0
138042.jpg,0
117672.jpg,0
124421.jpg,0
66266.jpg,0
57842.jpg,0
147950.jpg,0
100985.jpg,0
153169.jpg,0
18745.jpg,0
61907.jpg,0
4280.jpg,0
143198.jpg,0
116631.jpg,0
66398.jpg,0
20403.jpg,0
49510.jpg,0
37873.jpg,0
50131.jpg,0
36350.jpg,0
66368.jpg,0
98720.jpg,0
40308.jpg,0
115633.jpg,0
79442.jpg,0
30891.jpg,0
74872.jpg,0
144377.jpg,0
137217.jpg,0
47497.jpg,0
73186.jpg,0
66610.jpg,0
133132.jpg,0
110562.jpg,0
85026.jpg,0
124251.jpg,0
31187.jpg,0
11831.jpg,0
16503.jpg,0
13096.jpg,0
33589.jpg,0
92437.jpg,0
14810.jpg,0
45707.jpg,0
24559.jpg,0
6481.jpg,0
96466.jpg,0
18624.jpg,0
24119.jpg,0
76458.jpg,0
123747.jpg,0
74176.jpg,0
70515.jpg,0
115221.jpg,0
64878.jpg,0
149131.jpg,0
5244.jpg,0
32531.jpg,0
22390.jpg,0
106084.jpg,0
16989.jpg,0
86490.jpg,0
109841.jpg,0
33015.jpg,0
52859.jpg,0
45751.jpg,0
2536.jpg,0
131485.jpg,0
35068.jpg,0
129749.jpg,0
118919.jpg,0
9041.jpg,0
2492.jpg,0
54849.jpg,0
151388.jpg,0
80642.jpg,0
62161.jpg,0
59779.jpg,0
36392.jpg,0
38122.jpg,0
125636.jpg,0
7107.jpg,0
116920.jpg,0
67099.jpg,0
1600.jpg,0
80453.jpg,0
134654.jpg,0
96960.jpg,0
20628.jpg,0
87572.jpg,0
146769.jpg,0
70788.jpg,0
49793.jpg,0
44806.jpg,0
50182.jpg,0
16438.jpg,0
46480.jpg,0
110477.jpg,0
23463.jpg,0
114761.jpg,0
112349.jpg,0
41724.jpg,0
22392.jpg,0
21219.jpg,0
88681.jpg,0
5671.jpg,0
93841.jpg,0
103548.jpg,0
145772.jpg,0
133972.jpg,0
87580.jpg,0
29223.jpg,0
56596.jpg,0
139230.jpg,0
131216.jpg,0
13569.jpg,0
147422.jpg,0
44372.jpg,0
68325.jpg,0
76710.jpg,0
29031.jpg,0
114012.jpg,0
76197.jpg,0
102597.jpg,0
114615.jpg,0
95354.jpg,0
73872.jpg,0
64948.jpg,0
112445.jpg,0
157228.jpg,0
16015.jpg,0
108692.jpg,0
41733.jpg,0
95843.jpg,0
93663.jpg,0
32120.jpg,0
154237.jpg,0
10019.jpg,0
27912.jpg,0
77653.jpg,0
9660.jpg,0
12299.jpg,0
106791.jpg,0
30396.jpg,0
49464.jpg,0
75920.jpg,0
148361.jpg,0
8858.jpg,0
62727.jpg,0
137342.jpg,0
26919.jpg,0
142883.jpg,0
157264.jpg,0
82041.jpg,0
28357.jpg,0
23314.jpg,0
108800.jpg,0
127853.jpg,0
36073.jpg,0
40098.jpg,0
93296.jpg,0
86657.jpg,0
53674.jpg,0
134973.jpg,0
39046.jpg,0
49056.jpg,0
128781.jpg,0
96686.jpg,0
8861.jpg,0
23469.jpg,0
30363.jpg,0
117231.jpg,0
124965.jpg,0
150677.jpg,0
124881.jpg,0
125073.jpg,0
152395.jpg,0
70853.jpg,0
76635.jpg,0
144081.jpg,0
128938.jpg,0
118063.jpg,0
18862.jpg,0
57053.jpg,0
9342.jpg,0
85975.jpg,0
12911.jpg,0
51376.jpg,0
142805.jpg,0
12704.jpg,0
27415.jpg,0
15702.jpg,0
153927.jpg,0
127139.jpg,0
27724.jpg,0
98167.jpg,0
123884.jpg,0
14937.jpg,0
22193.jpg,0
116237.jpg,0
136670.jpg,0
85117.jpg,0
92130.jpg,0
104393.jpg,0
117290.jpg,0
89553.jpg,0
6005.jpg,0
33718.jpg,0
84232.jpg,0
121955.jpg,0
151839.jpg,0
135434.jpg,0
68890.jpg,0
23527.jpg,0
8384.jpg,0
26037.jpg,0
15800.jpg,0
81442.jpg,0
32486.jpg,0
39490.jpg,0
152041.jpg,0
129757.jpg,0
114436.jpg,0
103980.jpg,0
80328.jpg,0
94674.jpg,0
96331.jpg,0
150082.jpg,0
118663.jpg,0
133335.jpg,0
116579.jpg,0
116038.jpg,0
88399.jpg,0
92236.jpg,0
135926.jpg,0
100422.jpg,0
74092.jpg,0
24438.jpg,0
72671.jpg,0
69792.jpg,0
30093.jpg,0
67866.jpg,0
130939.jpg,0
1698.jpg,0
1438.jpg,0
125618.jpg,0
138932.jpg,0
1668.jpg,0
74448.jpg,0
36440.jpg,0
123035.jpg,0
25840.jpg,0
39506.jpg,0
34268.jpg,0
20359.jpg,0
66076.jpg,0
136950.jpg,0
69983.jpg,0
20334.jpg,0
56223.jpg,0
97412.jpg,0
31107.jpg,0
42134.jpg,0
128443.jpg,0
3636.jpg,0
141843.jpg,0
69323.jpg,0
82231.jpg,0
137117.jpg,0
12276.jpg,0
137238.jpg,0
61464.jpg,0
108778.jpg,0
4508.jpg,0
23677.jpg,0
85491.jpg,0
55861.jpg,0
112548.jpg,0
23792.jpg,0
118526.jpg,0
9350.jpg,0
13575.jpg,0
49883.jpg,0
94760.jpg,0
158144.jpg,0
66230.jpg,0
158917.jpg,0
2339.jpg,0
5050.jpg,0
20328.jpg,0
4553.jpg,0
92415.jpg,0
114949.jpg,0
80076.jpg,0
87677.jpg,0
57742.jpg,0
89681.jpg,0
92908.jpg,0
84392.jpg,0
9421.jpg,0
108500.jpg,0
7659.jpg,0
158890.jpg,0
35067.jpg,0
143921.jpg,0
122715.jpg,0
2873.jpg,0
114857.jpg,0
138844.jpg,0
87976.jpg,0
37994.jpg,0
65781.jpg,0
16531.jpg,0
10665.jpg,0
85651.jpg,0
5056.jpg,0
148569.jpg,0
76964.jpg,0
142222.jpg,0
114919.jpg,0
10619.jpg,0
48632.jpg,0
29595.jpg,0
5513.jpg,0
130583.jpg,0
63335.jpg,0
123448.jpg,0
93065.jpg,0
121525.jpg,0
17110.jpg,0
116728.jpg,0
144180.jpg,0
157355.jpg,0
123113.jpg,0
614.jpg,0
110912.jpg,0
103302.jpg,0
127174.jpg,0
5914.jpg,0
91843.jpg,0
159032.jpg,0
136337.jpg,0
51065.jpg,0
87608.jpg,0
139485.jpg,0
154652.jpg,0
110705.jpg,0
156730.jpg,0
40122.jpg,0
48314.jpg,0
151562.jpg,0
2627.jpg,0
35578.jpg,0
53945.jpg,0
6496.jpg,0
77872.jpg,0
135835.jpg,0
32546.jpg,0
15065.jpg,0
12884.jpg,0
76519.jpg,0
113404.jpg,0
83597.jpg,0
27466.jpg,0
129758.jpg,0
53305.jpg,0
130780.jpg,0
24009.jpg,0
82153.jpg,0
120870.jpg,0
67847.jpg,0
112215.jpg,0
127942.jpg,0
646.jpg,0
26508.jpg,0
74662.jpg,0
44930.jpg,0
98503.jpg,0
50858.jpg,0
119328.jpg,0
78900.jpg,0
77431.jpg,0
23593.jpg,0
134601.jpg,0
138179.jpg,0
34111.jpg,0
136338.jpg,0
54833.jpg,0
56658.jpg,0
51405.jpg,0
152413.jpg,0
90272.jpg,0
43829.jpg,0
94728.jpg,0
122352.jpg,0
135096.jpg,0
125095.jpg,0
149714.jpg,0
151314.jpg,0
9065.jpg,0
158268.jpg,0
131151.jpg,0
83281.jpg,0
126765.jpg,0
148717.jpg,0
65375.jpg,0
154849.jpg,0
120345.jpg,0
82732.jpg,0
125840.jpg,0
21286.jpg,0
98316.jpg,0
102684.jpg,0
30267.jpg,0
91429.jpg,0
45172.jpg,0
88651.jpg,0
23124.jpg,0
11611.jpg,0
35283.jpg,0
26502.jpg,0
83298.jpg,0
24955.jpg,0
54291.jpg,0
49597.jpg,0
53.jpg,0
40588.jpg,0
117614.jpg,0
102079.jpg,0
94922.jpg,0
12813.jpg,0
96590.jpg,0
65893.jpg,0
73216.jpg,0
97090.jpg,0
105980.jpg,0
137811.jpg,0
109077.jpg,0
4011.jpg,0
49027.jpg,0
117846.jpg,0
132031.jpg,0
27558.jpg,0
107079.jpg,0
80314.jpg,0
123674.jpg,0
159780.jpg,0
33868.jpg,0
115971.jpg,0
59130.jpg,0
72447.jpg,0
113197.jpg,0
127132.jpg,0
120254.jpg,0
41351.jpg,0
35874.jpg,0
9258.jpg,0
35316.jpg,0
74846.jpg,0
110728.jpg,0
159113.jpg,0
151387.jpg,0
129726.jpg,0
152530.jpg,0
92232.jpg,0
108326.jpg,0
144082.jpg,0
68718.jpg,0
39823.jpg,0
134901.jpg,0
48928.jpg,0
33685.jpg,0
3752.jpg,0
106747.jpg,0
149225.jpg,0
47152.jpg,0
30592.jpg,0
81958.jpg,0
144347.jpg,0
125518.jpg,0
27435.jpg,0
16632.jpg,0
81366.jpg,0
23591.jpg,0
116493.jpg,0
5542.jpg,0
67541.jpg,0
77427.jpg,0
96635.jpg,0
60206.jpg,0
47034.jpg,0
107579.jpg,0
137726.jpg,0
134574.jpg,0
148255.jpg,0
147831.jpg,0
20692.jpg,0
50755.jpg,0
37738.jpg,0
45490.jpg,0
100287.jpg,0
57259.jpg,0
5941.jpg,0
5461.jpg,0
60477.jpg,0
70660.jpg,0
157633.jpg,0
75129.jpg,0
8720.jpg,0
31037.jpg,0
65240.jpg,0
27820.jpg,0
143217.jpg,0
113098.jpg,0
65913.jpg,0
148982.jpg,0
117358.jpg,0
101219.jpg,0
52390.jpg,0
96120.jpg,0
1585.jpg,0
7258.jpg,0
20873.jpg,0
105942.jpg,0
74293.jpg,0
129894.jpg,0
13752.jpg,0
141292.jpg,0
97393.jpg,0
83755.jpg,0
25670.jpg,0
24395.jpg,0
85060.jpg,0
27080.jpg,0
51253.jpg,0
125258.jpg,0
55327.jpg,0
35538.jpg,0
153154.jpg,0
94738.jpg,0
121592.jpg,0
127855.jpg,0
114833.jpg,0
97807.jpg,0
57052.jpg,0
3984.jpg,0
114485.jpg,0
14830.jpg,0
53817.jpg,0
44635.jpg,0
71689.jpg,0
125402.jpg,0
157754.jpg,0
82100.jpg,0
68162.jpg,0
16442.jpg,0
67846.jpg,0
68593.jpg,0
147182.jpg,0
144888.jpg,0
58625.jpg,0
87402.jpg,0
100545.jpg,0
26830.jpg,0
15521.jpg,0
155570.jpg,0
137590.jpg,0
69285.jpg,0
80703.jpg,0
133438.jpg,0
68152.jpg,0
102561.jpg,0
138810.jpg,0
17388.jpg,0
108843.jpg,0
66526.jpg,0
82537.jpg,0
45538.jpg,0
109329.jpg,0
98899.jpg,0
36695.jpg,0
57243.jpg,0
74344.jpg,0
125118.jpg,0
159896.jpg,0
70016.jpg,0
126030.jpg,0
6123.jpg,0
115756.jpg,0
125639.jpg,0
83565.jpg,0
159648.jpg,0
63779.jpg,0
92091.jpg,0
4521.jpg,0
128768.jpg,0
1975.jpg,0
60785.jpg,0
124403.jpg,0
92450.jpg,0
116812.jpg,0
15473.jpg,0
134984.jpg,0
46766.jpg,0
8046.jpg,0
114024.jpg,0
156729.jpg,0
132088.jpg,0
133988.jpg,0
13748.jpg,0
6164.jpg,0
142915.jpg,0
91624.jpg,0
40540.jpg,0
77409.jpg,0
151694.jpg,0
124435.jpg,0
159560.jpg,0
17554.jpg,0
68914.jpg,0
20018.jpg,0
48026.jpg,0
88673.jpg,0
142407.jpg,0
18210.jpg,0
61413.jpg,0
142568.jpg,0
152132.jpg,0
635.jpg,0
18598.jpg,0
49899.jpg,0
146543.jpg,0
147553.jpg,0
133996.jpg,0
49912.jpg,0
42628.jpg,0
69890.jpg,0
26390.jpg,0
104126.jpg,0
101260.jpg,0
102205.jpg,0
150495.jpg,0
79816.jpg,0
77086.jpg,0
153666.jpg,0
1015.jpg,0
3721.jpg,0
68499.jpg,0
34689.jpg,0
89121.jpg,0
69637.jpg,0
15274.jpg,0
112274.jpg,0
130531.jpg,0
119556.jpg,0
72655.jpg,0
113042.jpg,0
83846.jpg,0
10462.jpg,0
3047.jpg,0
5373.jpg,0
92963.jpg,0
139166.jpg,0
149861.jpg,0
132554.jpg,0
55240.jpg,0
20741.jpg,0
39267.jpg,0
123009.jpg,0
101498.jpg,0
54282.jpg,0
103658.jpg,0
100723.jpg,0
12153.jpg,0
157545.jpg,0
21337.jpg,0
154067.jpg,0
122333.jpg,0
104215.jpg,0
80502.jpg,0
94044.jpg,0
74668.jpg,0
98497.jpg,0
39828.jpg,0
6890.jpg,0
67526.jpg,0
6795.jpg,0
121811.jpg,0
38197.jpg,0
122572.jpg,0
23930.jpg,0
23661.jpg,0
80096.jpg,0
70154.jpg,0
76772.jpg,0
83665.jpg,0
6188.jpg,0
136581.jpg,0
118270.jpg,0
60144.jpg,0
21269.jpg,0
49338.jpg,0
8683.jpg,0
67972.jpg,0
118599.jpg,0
107974.jpg,0
82772.jpg,0
91813.jpg,0
58381.jpg,0
73440.jpg,0
69319.jpg,0
46411.jpg,0
86696.jpg,0
620.jpg,0
125061.jpg,0
40858.jpg,0
84693.jpg,0
153003.jpg,0
40023.jpg,0
152686.jpg,0
34639.jpg,0
69338.jpg,0
141576.jpg,0
67568.jpg,0
144786.jpg,0
135482.jpg,0
27063.jpg,0
35191.jpg,0
137954.jpg,0
24780.jpg,0
22878.jpg,0
124385.jpg,0
104494.jpg,0
140968.jpg,0
1115.jpg,0
132401.jpg,0
113378.jpg,0
15456.jpg,0
59143.jpg,0
66255.jpg,0
29953.jpg,0
117084.jpg,0
62973.jpg,0
21560.jpg,0
16099.jpg,0
20801.jpg,0
136985.jpg,0
123431.jpg,0
117925.jpg,0
120653.jpg,0
86151.jpg,0
133835.jpg,0
149992.jpg,0
146678.jpg,0
124835.jpg,0
15422.jpg,0
116671.jpg,0
110420.jpg,0
89584.jpg,0
133215.jpg,0
140835.jpg,0
149897.jpg,0
29128.jpg,0
12712.jpg,0
25642.jpg,0
43544.jpg,0
47405.jpg,0
145638.jpg,0
11783.jpg,0
20485.jpg,0
100070.jpg,0
155049.jpg,0
100397.jpg,0
51467.jpg,0
116740.jpg,0
109024.jpg,0
61567.jpg,0
96399.jpg,0
8210.jpg,0
5786.jpg,0
67852.jpg,0
28401.jpg,0
124155.jpg,0
116060.jpg,0
56199.jpg,0
119645.jpg,0
93494.jpg,0
59343.jpg,0
80354.jpg,0
14549.jpg,0
57551.jpg,0
159482.jpg,0
137641.jpg,0
154279.jpg,0
144632.jpg,0
48549.jpg,0
159046.jpg,0
128316.jpg,0
148930.jpg,0
137611.jpg,0
113136.jpg,0
491.jpg,0
27353.jpg,0
25788.jpg,0
49288.jpg,0
63390.jpg,0
9696.jpg,0
100387.jpg,0
42901.jpg,0
141099.jpg,0
106257.jpg,0
33731.jpg,0
154297.jpg,0
4228.jpg,0
128066.jpg,0
116561.jpg,0
78791.jpg,0
42630.jpg,0
35321.jpg,0
111290.jpg,0
10814.jpg,0
46821.jpg,0
56035.jpg,0
33200.jpg,0
121054.jpg,0
109745.jpg,0
86081.jpg,0
36986.jpg,0
21538.jpg,0
88521.jpg,0
90590.jpg,0
131666.jpg,0
31916.jpg,0
1202.jpg,0
46905.jpg,0
59727.jpg,0
11965.jpg,0
141936.jpg,0
38856.jpg,0
107308.jpg,0
1396.jpg,0
52392.jpg,0
130174.jpg,0
3543.jpg,0
64966.jpg,0
159288.jpg,0
45290.jpg,0
42431.jpg,0
106679.jpg,0
130837.jpg,0
69418.jpg,0
137662.jpg,0
145905.jpg,0
106577.jpg,0
3963.jpg,0
58636.jpg,0
152490.jpg,0
107235.jpg,0
93505.jpg,0
110340.jpg,0
86868.jpg,0
1090.jpg,0
153586.jpg,0
33079.jpg,0
10826.jpg,0
119728.jpg,0
84318.jpg,0
157209.jpg,0
92563.jpg,0
96009.jpg,0
118607.jpg,0
146254.jpg,0
76110.jpg,0
34489.jpg,0
49681.jpg,0
43424.jpg,0
41876.jpg,0
37193.jpg,0
143424.jpg,0
141907.jpg,0
52021.jpg,0
27682.jpg,0
31455.jpg,0
143615.jpg,0
61088.jpg,0
152537.jpg,0
15655.jpg,0
87497.jpg,0
102175.jpg,0
149481.jpg,0
66150.jpg,0
131549.jpg,0
110457.jpg,0
59804.jpg,0
135363.jpg,0
134407.jpg,0
111608.jpg,0
96656.jpg,0
132369.jpg,0
35892.jpg,0
27834.jpg,0
60110.jpg,0
135888.jpg,0
127468.jpg,0
93590.jpg,0
21623.jpg,0
46517.jpg,0
119167.jpg,0
83495.jpg,0
107861.jpg,0
15829.jpg,0
146645.jpg,0
139810.jpg,0
37644.jpg,0
158693.jpg,0
37611.jpg,0
123739.jpg,0
70024.jpg,0
137384.jpg,0
96172.jpg,0
59674.jpg,0
137646.jpg,0
18692.jpg,0
124817.jpg,0
72477.jpg,0
157750.jpg,0
65619.jpg,0
115387.jpg,0
33409.jpg,0
53425.jpg,0
99583.jpg,0
121620.jpg,0
14700.jpg,0
45668.jpg,0
56701.jpg,0
28149.jpg,0
104650.jpg,0
5586.jpg,0
19231.jpg,0
158104.jpg,0
4446.jpg,0
160209.jpg,0
81996.jpg,0
36739.jpg,0
8199.jpg,0
91340.jpg,0
48652.jpg,0
89810.jpg,0
3432.jpg,0
153418.jpg,0
55197.jpg,0
13372.jpg,0
51085.jpg,0
66242.jpg,0
45524.jpg,0
95884.jpg,0
57396.jpg,0
60130.jpg,0
21546.jpg,0
94672.jpg,0
37365.jpg,0
2043.jpg,0
1745.jpg,0
42209.jpg,0
128034.jpg,0
13404.jpg,0
57378.jpg,0
72019.jpg,0
126252.jpg,0
110084.jpg,0
106703.jpg,0
10943.jpg,0
155948.jpg,0
126052.jpg,0
83729.jpg,0
44387.jpg,0
111390.jpg,0
47187.jpg,0
57533.jpg,0
45427.jpg,0
68871.jpg,0
24868.jpg,0
136858.jpg,0
132430.jpg,0
89359.jpg,0
15162.jpg,0
19028.jpg,0
119344.jpg,0
118522.jpg,0
120593.jpg,0
47312.jpg,0
41760.jpg,0
89194.jpg,0
127497.jpg,0
129965.jpg,0
19398.jpg,0
86398.jpg,0
34576.jpg,0
7646.jpg,0
130858.jpg,0
53019.jpg,0
118016.jpg,0
34924.jpg,0
80909.jpg,0
145899.jpg,0
54646.jpg,0
13138.jpg,0
130664.jpg,0
10053.jpg,0
55621.jpg,0
145643.jpg,0
121498.jpg,0
141835.jpg,0
149639.jpg,0
67448.jpg,0
141408.jpg,0
130906.jpg,0
144550.jpg,0
89203.jpg,0
147078.jpg,0
12584.jpg,0
150301.jpg,0
126632.jpg,0
117268.jpg,0
53078.jpg,0
141248.jpg,0
139547.jpg,0
126148.jpg,0
88639.jpg,0
137025.jpg,0
33743.jpg,0
2697.jpg,0
28943.jpg,0
78578.jpg,0
39109.jpg,0
110930.jpg,0
10915.jpg,0
136590.jpg,0
48050.jpg,0
109058.jpg,0
116573.jpg,0
109595.jpg,0
47545.jpg,0
52393.jpg,0
23719.jpg,0
82373.jpg,0
22213.jpg,0
141191.jpg,0
64407.jpg,0
79255.jpg,0
128759.jpg,0
127417.jpg,0
3558.jpg,0
74949.jpg,0
100617.jpg,0
155311.jpg,0
42960.jpg,0
46033.jpg,0
78567.jpg,0
88551.jpg,0
125607.jpg,0
14242.jpg,0
56173.jpg,0
113872.jpg,0
23171.jpg,0
111085.jpg,0
91126.jpg,0
103096.jpg,0
156022.jpg,0
13889.jpg,0
131031.jpg,0
44250.jpg,0
128268.jpg,0
60705.jpg,0
96758.jpg,0
29829.jpg,0
142559.jpg,0
65214.jpg,0
78358.jpg,0
3391.jpg,0
725.jpg,0
93082.jpg,0
117544.jpg,0
44429.jpg,0
102468.jpg,0
121988.jpg,0
42986.jpg,0
100744.jpg,0
94407.jpg,0
72029.jpg,0
114228.jpg,0
86156.jpg,0
67013.jpg,0
74042.jpg,0
124453.jpg,0
52215.jpg,0
123797.jpg,0
152496.jpg,0
143395.jpg,0
110825.jpg,0
96633.jpg,0
139202.jpg,0
133080.jpg,0
82385.jpg,0
20600.jpg,0
7566.jpg,0
125833.jpg,0
37083.jpg,0
36913.jpg,0
30030.jpg,0
19977.jpg,0
132146.jpg,0
146263.jpg,0
65786.jpg,0
11763.jpg,0
2660.jpg,0
109962.jpg,0
5564.jpg,0
24142.jpg,0
142692.jpg,0
124986.jpg,0
54004.jpg,0
8234.jpg,0
138169.jpg,0
26844.jpg,0
45208.jpg,0
116445.jpg,0
156143.jpg,0
46500.jpg,0
41394.jpg,0
80399.jpg,0
126708.jpg,0
105781.jpg,0
133954.jpg,0
96510.jpg,0
82753.jpg,0
135251.jpg,0
25817.jpg,0
61554.jpg,0
17065.jpg,0
95549.jpg,0
125260.jpg,0
118079.jpg,0
62983.jpg,0
120462.jpg,0
93340.jpg,0
20716.jpg,0
44171.jpg,0
146121.jpg,0
142807.jpg,0
138422.jpg,0
34444.jpg,0
36578.jpg,0
20696.jpg,0
9140.jpg,0
53491.jpg,0
110430.jpg,0
80213.jpg,0
53278.jpg,0
123197.jpg,0
105944.jpg,0
155241.jpg,0
6156.jpg,0
83336.jpg,0
123761.jpg,0
113514.jpg,0
157697.jpg,0
106221.jpg,0
151091.jpg,0
71494.jpg,0
61422.jpg,0
105223.jpg,0
104739.jpg,0
159553.jpg,0
46852.jpg,0
105215.jpg,0
22705.jpg,0
49767.jpg,0
93807.jpg,0
77515.jpg,0
104544.jpg,0
157570.jpg,0
36832.jpg,0
75777.jpg,0
107684.jpg,0
95292.jpg,0
15008.jpg,0
69787.jpg,0
125624.jpg,0
61969.jpg,0
51125.jpg,0
24361.jpg,0
10322.jpg,0
53064.jpg,0
11896.jpg,0
14408.jpg,0
31415.jpg,0
32596.jpg,0
9266.jpg,0
54100.jpg,0
98058.jpg,0
125088.jpg,0
17639.jpg,0
124289.jpg,0
153727.jpg,0
3705.jpg,0
78839.jpg,0
145871.jpg,0
129730.jpg,0
56743.jpg,0
23915.jpg,0
25685.jpg,0
67239.jpg,0
88656.jpg,0
135003.jpg,0
44408.jpg,0
73912.jpg,0
135713.jpg,0
96362.jpg,0
136845.jpg,0
99072.jpg,0
41306.jpg,0
7393.jpg,0
51382.jpg,0
98353.jpg,0
108971.jpg,0
130561.jpg,0
143249.jpg,0
14929.jpg,0
153661.jpg,0
29068.jpg,0
24484.jpg,0
81832.jpg,0
51283.jpg,0
57061.jpg,0
73390.jpg,0
129834.jpg,0
63991.jpg,0
24624.jpg,0
2033.jpg,0
96604.jpg,0
143155.jpg,0
113891.jpg,0
68257.jpg,0
41287.jpg,0
37461.jpg,0
145551.jpg,0
146847.jpg,0
150117.jpg,0
97552.jpg,0
128273.jpg,0
153247.jpg,0
141628.jpg,0
14965.jpg,0
144637.jpg,0
107285.jpg,0
59486.jpg,0
48175.jpg,0
92273.jpg,0
30242.jpg,0
28366.jpg,0
137722.jpg,0
105391.jpg,0
45994.jpg,0
44569.jpg,0
68077.jpg,0
39886.jpg,0
40764.jpg,0
96868.jpg,0
44380.jpg,0
72742.jpg,0
27269.jpg,0
122865.jpg,0
128652.jpg,0
124682.jpg,0
20654.jpg,0
82617.jpg,0
98861.jpg,0
32394.jpg,0
75584.jpg,0
49560.jpg,0
80431.jpg,0
150020.jpg,0
89671.jpg,0
87311.jpg,0
101292.jpg,0
22726.jpg,0
80057.jpg,0
135646.jpg,0
127607.jpg,0
57479.jpg,0
27015.jpg,0
85872.jpg,0
106529.jpg,0
17600.jpg,0
122753.jpg,0
109486.jpg,0
147942.jpg,0
3711.jpg,0
71223.jpg,0
143193.jpg,0
7685.jpg,0
45160.jpg,0
6226.jpg,0
78664.jpg,0
5590.jpg,0
31327.jpg,0
97359.jpg,0
137470.jpg,0
153088.jpg,0
98617.jpg,0
18498.jpg,0
127113.jpg,0
137713.jpg,0
118881.jpg,0
51708.jpg,0
40850.jpg,0
7949.jpg,0
112629.jpg,0
132721.jpg,0
76908.jpg,0
57268.jpg,0
155872.jpg,0
20177.jpg,0
127361.jpg,0
99595.jpg,0
127394.jpg,0
26137.jpg,0
116759.jpg,0
50753.jpg,0
63285.jpg,0
116197.jpg,0
113106.jpg,0
141715.jpg,0
34573.jpg,0
112066.jpg,0
114104.jpg,0
108228.jpg,0
36822.jpg,0
123736.jpg,0
155750.jpg,0
23798.jpg,0
91849.jpg,0
35530.jpg,0
60258.jpg,0
74135.jpg,0
45336.jpg,0
81386.jpg,0
7866.jpg,0
62445.jpg,0
32114.jpg,0
121156.jpg,0
81608.jpg,0
119452.jpg,0
23517.jpg,0
112451.jpg,0
50651.jpg,0
45143.jpg,0
59979.jpg,0
55757.jpg,0
52417.jpg,0
158858.jpg,0
21717.jpg,0
152100.jpg,0
118774.jpg,0
94983.jpg,0
146818.jpg,0
82548.jpg,0
45329.jpg,0
19771.jpg,0
48454.jpg,0
99993.jpg,0
127640.jpg,0
21645.jpg,0
85844.jpg,0
140678.jpg,0
54871.jpg,0
118810.jpg,0
139536.jpg,0
1754.jpg,0
142668.jpg,0
70151.jpg,0
58467.jpg,0
75807.jpg,0
73337.jpg,0
64229.jpg,0
17814.jpg,0
154225.jpg,0
25522.jpg,0
111857.jpg,0
149183.jpg,0
52886.jpg,0
75961.jpg,0
44546.jpg,0
81628.jpg,0
140830.jpg,0
136503.jpg,0
32930.jpg,0
92943.jpg,0
100516.jpg,0
75984.jpg,0
952.jpg,0
38351.jpg,0
56632.jpg,0
39271.jpg,0
104910.jpg,0
140741.jpg,0
110607.jpg,0
148256.jpg,0
38284.jpg,0
129859.jpg,0
152441.jpg,0
137191.jpg,0
131139.jpg,0
119972.jpg,0
36040.jpg,0
10545.jpg,0
12762.jpg,0
49690.jpg,0
17351.jpg,0
119833.jpg,0
95149.jpg,0
53851.jpg,0
50007.jpg,0
63467.jpg,0
74205.jpg,0
32083.jpg,0
5945.jpg,0
130289.jpg,0
12336.jpg,0
71803.jpg,0
35255.jpg,0
159832.jpg,0
25246.jpg,0
53109.jpg,0
46729.jpg,0
126978.jpg,0
124350.jpg,0
107509.jpg,0
86402.jpg,0
120907.jpg,0
154393.jpg,0
32194.jpg,0
51860.jpg,0
96512.jpg,0
17272.jpg,0
71514.jpg,0
119492.jpg,0
29671.jpg,0
8504.jpg,0
37725.jpg,0
89259.jpg,0
136743.jpg,0
35441.jpg,0
69661.jpg,0
83726.jpg,0
56396.jpg,0
110408.jpg,0
26979.jpg,0
86992.jpg,0
60680.jpg,0
115105.jpg,0
139012.jpg,0
113154.jpg,0
14448.jpg,0
104825.jpg,0
58338.jpg,0
42216.jpg,0
107900.jpg,0
28652.jpg,0
81771.jpg,0
24923.jpg,0
77276.jpg,0
73679.jpg,0
47378.jpg,0
124828.jpg,0
54480.jpg,0
25120.jpg,0
149145.jpg,0
132458.jpg,0
96594.jpg,0
131879.jpg,0
75185.jpg,0
81321.jpg,0
7954.jpg,0
16461.jpg,0
130057.jpg,0
31119.jpg,0
138057.jpg,0
51948.jpg,0
127646.jpg,0
39023.jpg,0
7590.jpg,0
48537.jpg,0
128037.jpg,0
57476.jpg,0
141644.jpg,0
138836.jpg,0
104499.jpg,0
4800.jpg,0
51823.jpg,0
156594.jpg,0
12770.jpg,0
42276.jpg,0
109647.jpg,0
25579.jpg,0
67777.jpg,0
157762.jpg,0
13062.jpg,0
92256.jpg,0
157619.jpg,0
91488.jpg,0
26647.jpg,0
140105.jpg,0
127912.jpg,0
93691.jpg,0
2596.jpg,0
1327.jpg,0
92287.jpg,0
22768.jpg,0
84834.jpg,0
60123.jpg,0
84296.jpg,0
29827.jpg,0
6881.jpg,0
6689.jpg,0
108962.jpg,0
90031.jpg,0
35035.jpg,0
117799.jpg,0
80088.jpg,0
148195.jpg,0
36821.jpg,0
2344.jpg,0
126443.jpg,0
29237.jpg,0
95758.jpg,0
15536.jpg,0
98333.jpg,0
21849.jpg,0
59024.jpg,0
60312.jpg,0
101924.jpg,0
98888.jpg,0
116515.jpg,0
36748.jpg,0
96179.jpg,0
41127.jpg,0
78675.jpg,0
23780.jpg,0
24345.jpg,0
104893.jpg,0
91224.jpg,0
33439.jpg,0
97765.jpg,0
96829.jpg,0
115273.jpg,0
76597.jpg,0
32587.jpg,0
62414.jpg,0
116335.jpg,0
99871.jpg,0
119616.jpg,0
65110.jpg,0
153443.jpg,0
58590.jpg,0
47860.jpg,0
151982.jpg,0
61570.jpg,0
20508.jpg,0
151360.jpg,0
67333.jpg,0
132828.jpg,0
55604.jpg,0
125366.jpg,0
103014.jpg,0
138964.jpg,0
78721.jpg,0
41950.jpg,0
31439.jpg,0
151022.jpg,0
30324.jpg,0
158893.jpg,0
